WDCD,WDNM,LBCD,LBNM,GORCD,GORNM,CTRYCD,CTRYNM
E05000026,Abbey,E09000002,Barking and Dagenham,E12000007,London,E92000001,England
E05000027,Alibon,E09000002,Barking and Dagenham,E12000007,London,E92000001,England
E05000028,Becontree,E09000002,Barking and Dagenham,E12000007,London,E92000001,England
E05000029,Chadwell Heath,E09000002,Barking and Dagenham,E12000007,London,E92000001,England
E05000030,Eastbrook,E09000002,Barking and Dagenham,E12000007,London,E92000001,England
E05000031,Eastbury,E09000002,Barking and Dagenham,E12000007,London,E92000001,England
E05000032,Gascoigne,E09000002,Barking and Dagenham,E12000007,London,E92000001,England
E05000033,Goresbrook,E09000002,Barking and Dagenham,E12000007,London,E92000001,England
E05000034,Heath,E09000002,Barking and Dagenham,E12000007,London,E92000001,England
E05000035,Longbridge,E09000002,Barking and Dagenham,E12000007,London,E92000001,England
E05000036,Mayesbrook,E09000002,Barking and Dagenham,E12000007,London,E92000001,England
E05000037,Parsloes,E09000002,Barking and Dagenham,E12000007,London,E92000001,England
E05000038,River,E09000002,Barking and Dagenham,E12000007,London,E92000001,England
E05000039,Thames,E09000002,Barking and Dagenham,E12000007,London,E92000001,England
E05000040,Valence,E09000002,Barking and Dagenham,E12000007,London,E92000001,England
E05000041,Village,E09000002,Barking and Dagenham,E12000007,London,E92000001,England
E05000042,Whalebone,E09000002,Barking and Dagenham,E12000007,London,E92000001,England
E05000043,Brunswick Park,E09000003,Barnet,E12000007,London,E92000001,England
E05000044,Burnt Oak,E09000003,Barnet,E12000007,London,E92000001,England
E05000045,Childs Hill,E09000003,Barnet,E12000007,London,E92000001,England
E05000046,Colindale,E09000003,Barnet,E12000007,London,E92000001,England
E05000047,Coppetts,E09000003,Barnet,E12000007,London,E92000001,England
E05000048,East Barnet,E09000003,Barnet,E12000007,London,E92000001,England
E05000049,East Finchley,E09000003,Barnet,E12000007,London,E92000001,England
E05000050,Edgware,E09000003,Barnet,E12000007,London,E92000001,England
E05000051,Finchley Church End,E09000003,Barnet,E12000007,London,E92000001,England
E05000052,Garden Suburb,E09000003,Barnet,E12000007,London,E92000001,England
E05000053,Golders Green,E09000003,Barnet,E12000007,London,E92000001,England
E05000054,Hale,E09000003,Barnet,E12000007,London,E92000001,England
E05000055,Hendon,E09000003,Barnet,E12000007,London,E92000001,England
E05000056,High Barnet,E09000003,Barnet,E12000007,London,E92000001,England
E05000057,Mill Hill,E09000003,Barnet,E12000007,London,E92000001,England
E05000058,Oakleigh,E09000003,Barnet,E12000007,London,E92000001,England
E05000059,Totteridge,E09000003,Barnet,E12000007,London,E92000001,England
E05000060,Underhill,E09000003,Barnet,E12000007,London,E92000001,England
E05000061,West Finchley,E09000003,Barnet,E12000007,London,E92000001,England
E05000062,West Hendon,E09000003,Barnet,E12000007,London,E92000001,England
E05000063,Woodhouse,E09000003,Barnet,E12000007,London,E92000001,England
E05000085,Alperton,E09000005,Brent,E12000007,London,E92000001,England
E05000086,Barnhill,E09000005,Brent,E12000007,London,E92000001,England
E05000087,Brondesbury Park,E09000005,Brent,E12000007,London,E92000001,England
E05000088,Dollis Hill,E09000005,Brent,E12000007,London,E92000001,England
E05000089,Dudden Hill,E09000005,Brent,E12000007,London,E92000001,England
E05000090,Fryent,E09000005,Brent,E12000007,London,E92000001,England
E05000091,Harlesden,E09000005,Brent,E12000007,London,E92000001,England
E05000092,Kensal Green,E09000005,Brent,E12000007,London,E92000001,England
E05000093,Kenton,E09000005,Brent,E12000007,London,E92000001,England
E05000094,Kilburn,E09000005,Brent,E12000007,London,E92000001,England
E05000095,Mapesbury,E09000005,Brent,E12000007,London,E92000001,England
E05000096,Northwick Park,E09000005,Brent,E12000007,London,E92000001,England
E05000097,Preston,E09000005,Brent,E12000007,London,E92000001,England
E05000098,Queens Park,E09000005,Brent,E12000007,London,E92000001,England
E05000099,Queensbury,E09000005,Brent,E12000007,London,E92000001,England
E05000100,Stonebridge,E09000005,Brent,E12000007,London,E92000001,England
E05000101,Sudbury,E09000005,Brent,E12000007,London,E92000001,England
E05000102,Tokyngton,E09000005,Brent,E12000007,London,E92000001,England
E05000103,Welsh Harp,E09000005,Brent,E12000007,London,E92000001,England
E05000104,Wembley Central,E09000005,Brent,E12000007,London,E92000001,England
E05000105,Willesden Green,E09000005,Brent,E12000007,London,E92000001,England
E05000106,Bickley,E09000006,Bromley,E12000007,London,E92000001,England
E05000107,Biggin Hill,E09000006,Bromley,E12000007,London,E92000001,England
E05000108,Bromley Common and Keston,E09000006,Bromley,E12000007,London,E92000001,England
E05000109,Bromley Town,E09000006,Bromley,E12000007,London,E92000001,England
E05000110,Chelsfield and Pratts Bottom,E09000006,Bromley,E12000007,London,E92000001,England
E05000111,Chislehurst,E09000006,Bromley,E12000007,London,E92000001,England
E05000112,Clock House,E09000006,Bromley,E12000007,London,E92000001,England
E05000113,Copers Cope,E09000006,Bromley,E12000007,London,E92000001,England
E05000114,Cray Valley East,E09000006,Bromley,E12000007,London,E92000001,England
E05000115,Cray Valley West,E09000006,Bromley,E12000007,London,E92000001,England
E05000116,Crystal Palace,E09000006,Bromley,E12000007,London,E92000001,England
E05000117,Darwin,E09000006,Bromley,E12000007,London,E92000001,England
E05000118,Farnborough and Crofton,E09000006,Bromley,E12000007,London,E92000001,England
E05000119,Hayes and Coney Hall,E09000006,Bromley,E12000007,London,E92000001,England
E05000120,Kelsey and Eden Park,E09000006,Bromley,E12000007,London,E92000001,England
E05000121,Mottingham and Chislehurst North,E09000006,Bromley,E12000007,London,E92000001,England
E05000122,Orpington,E09000006,Bromley,E12000007,London,E92000001,England
E05000123,Penge and Cator,E09000006,Bromley,E12000007,London,E92000001,England
E05000124,Petts Wood and Knoll,E09000006,Bromley,E12000007,London,E92000001,England
E05000125,Plaistow and Sundridge,E09000006,Bromley,E12000007,London,E92000001,England
E05000126,Shortlands,E09000006,Bromley,E12000007,London,E92000001,England
E05000127,West Wickham,E09000006,Bromley,E12000007,London,E92000001,England
E05000128,Belsize,E09000007,Camden,E12000007,London,E92000001,England
E05000129,Bloomsbury,E09000007,Camden,E12000007,London,E92000001,England
E05000130,Camden Town with Primrose Hill,E09000007,Camden,E12000007,London,E92000001,England
E05000131,Cantelowes,E09000007,Camden,E12000007,London,E92000001,England
E05000132,Fortune Green,E09000007,Camden,E12000007,London,E92000001,England
E05000133,Frognal and Fitzjohns,E09000007,Camden,E12000007,London,E92000001,England
E05000134,Gospel Oak,E09000007,Camden,E12000007,London,E92000001,England
E05000135,Hampstead Town,E09000007,Camden,E12000007,London,E92000001,England
E05000136,Haverstock,E09000007,Camden,E12000007,London,E92000001,England
E05000137,Highgate,E09000007,Camden,E12000007,London,E92000001,England
E05000138,Holborn and Covent Garden,E09000007,Camden,E12000007,London,E92000001,England
E05000139,Kentish Town,E09000007,Camden,E12000007,London,E92000001,England
E05000140,Kilburn,E09000007,Camden,E12000007,London,E92000001,England
E05000141,King's Cross,E09000007,Camden,E12000007,London,E92000001,England
E05000142,Regent's Park,E09000007,Camden,E12000007,London,E92000001,England
E05000143,St Pancras and Somers Town,E09000007,Camden,E12000007,London,E92000001,England
E05000144,Swiss Cottage,E09000007,Camden,E12000007,London,E92000001,England
E05000145,West Hampstead,E09000007,Camden,E12000007,London,E92000001,England
E05000170,Acton Central,E09000009,Ealing,E12000007,London,E92000001,England
E05000171,Cleveland,E09000009,Ealing,E12000007,London,E92000001,England
E05000172,Dormers Wells,E09000009,Ealing,E12000007,London,E92000001,England
E05000173,Ealing Broadway,E09000009,Ealing,E12000007,London,E92000001,England
E05000174,Ealing Common,E09000009,Ealing,E12000007,London,E92000001,England
E05000175,East Acton,E09000009,Ealing,E12000007,London,E92000001,England
E05000176,Elthorne,E09000009,Ealing,E12000007,London,E92000001,England
E05000177,Greenford Broadway,E09000009,Ealing,E12000007,London,E92000001,England
E05000178,Greenford Green,E09000009,Ealing,E12000007,London,E92000001,England
E05000179,Hanger Hill,E09000009,Ealing,E12000007,London,E92000001,England
E05000180,Hobbayne,E09000009,Ealing,E12000007,London,E92000001,England
E05000181,Lady Margaret,E09000009,Ealing,E12000007,London,E92000001,England
E05000182,Northfield,E09000009,Ealing,E12000007,London,E92000001,England
E05000183,North Greenford,E09000009,Ealing,E12000007,London,E92000001,England
E05000184,Northolt Mandeville,E09000009,Ealing,E12000007,London,E92000001,England
E05000185,Northolt West End,E09000009,Ealing,E12000007,London,E92000001,England
E05000186,Norwood Green,E09000009,Ealing,E12000007,London,E92000001,England
E05000187,Perivale,E09000009,Ealing,E12000007,London,E92000001,England
E05000188,South Acton,E09000009,Ealing,E12000007,London,E92000001,England
E05000189,Southall Broadway,E09000009,Ealing,E12000007,London,E92000001,England
E05000190,Southall Green,E09000009,Ealing,E12000007,London,E92000001,England
E05000191,Southfield,E09000009,Ealing,E12000007,London,E92000001,England
E05000192,Walpole,E09000009,Ealing,E12000007,London,E92000001,England
E05000193,Bowes,E09000010,Enfield,E12000007,London,E92000001,England
E05000194,Bush Hill Park,E09000010,Enfield,E12000007,London,E92000001,England
E05000195,Chase,E09000010,Enfield,E12000007,London,E92000001,England
E05000196,Cockfosters,E09000010,Enfield,E12000007,London,E92000001,England
E05000197,Edmonton Green,E09000010,Enfield,E12000007,London,E92000001,England
E05000198,Enfield Highway,E09000010,Enfield,E12000007,London,E92000001,England
E05000199,Enfield Lock,E09000010,Enfield,E12000007,London,E92000001,England
E05000200,Grange,E09000010,Enfield,E12000007,London,E92000001,England
E05000201,Haselbury,E09000010,Enfield,E12000007,London,E92000001,England
E05000202,Highlands,E09000010,Enfield,E12000007,London,E92000001,England
E05000203,Jubilee,E09000010,Enfield,E12000007,London,E92000001,England
E05000204,Lower Edmonton,E09000010,Enfield,E12000007,London,E92000001,England
E05000205,Palmers Green,E09000010,Enfield,E12000007,London,E92000001,England
E05000206,Ponders End,E09000010,Enfield,E12000007,London,E92000001,England
E05000207,Southbury,E09000010,Enfield,E12000007,London,E92000001,England
E05000208,Southgate,E09000010,Enfield,E12000007,London,E92000001,England
E05000209,Southgate Green,E09000010,Enfield,E12000007,London,E92000001,England
E05000210,Town,E09000010,Enfield,E12000007,London,E92000001,England
E05000211,Turkey Street,E09000010,Enfield,E12000007,London,E92000001,England
E05000212,Upper Edmonton,E09000010,Enfield,E12000007,London,E92000001,England
E05000213,Winchmore Hill,E09000010,Enfield,E12000007,London,E92000001,England
E05000214,Abbey Wood,E09000011,Greenwich,E12000007,London,E92000001,England
E05000215,Blackheath Westcombe,E09000011,Greenwich,E12000007,London,E92000001,England
E05000216,Charlton,E09000011,Greenwich,E12000007,London,E92000001,England
E05000217,Coldharbour and New Eltham,E09000011,Greenwich,E12000007,London,E92000001,England
E05000218,Eltham North,E09000011,Greenwich,E12000007,London,E92000001,England
E05000219,Eltham South,E09000011,Greenwich,E12000007,London,E92000001,England
E05000220,Eltham West,E09000011,Greenwich,E12000007,London,E92000001,England
E05000221,Glyndon,E09000011,Greenwich,E12000007,London,E92000001,England
E05000222,Greenwich West,E09000011,Greenwich,E12000007,London,E92000001,England
E05000223,Kidbrooke with Hornfair,E09000011,Greenwich,E12000007,London,E92000001,England
E05000224,Middle Park and Sutcliffe,E09000011,Greenwich,E12000007,London,E92000001,England
E05000225,Peninsula,E09000011,Greenwich,E12000007,London,E92000001,England
E05000226,Plumstead,E09000011,Greenwich,E12000007,London,E92000001,England
E05000227,Shooters Hill,E09000011,Greenwich,E12000007,London,E92000001,England
E05000228,Thamesmead Moorings,E09000011,Greenwich,E12000007,London,E92000001,England
E05000229,Woolwich Common,E09000011,Greenwich,E12000007,London,E92000001,England
E05000230,Woolwich Riverside,E09000011,Greenwich,E12000007,London,E92000001,England
E05000250,Addison,E09000013,Hammersmith and Fulham,E12000007,London,E92000001,England
E05000251,Askew,E09000013,Hammersmith and Fulham,E12000007,London,E92000001,England
E05000252,Avonmore and Brook Green,E09000013,Hammersmith and Fulham,E12000007,London,E92000001,England
E05000253,College Park and Old Oak,E09000013,Hammersmith and Fulham,E12000007,London,E92000001,England
E05000254,Fulham Broadway,E09000013,Hammersmith and Fulham,E12000007,London,E92000001,England
E05000255,Fulham Reach,E09000013,Hammersmith and Fulham,E12000007,London,E92000001,England
E05000256,Hammersmith Broadway,E09000013,Hammersmith and Fulham,E12000007,London,E92000001,England
E05000257,Munster,E09000013,Hammersmith and Fulham,E12000007,London,E92000001,England
E05000258,North End,E09000013,Hammersmith and Fulham,E12000007,London,E92000001,England
E05000259,Palace Riverside,E09000013,Hammersmith and Fulham,E12000007,London,E92000001,England
E05000260,Parsons Green and Walham,E09000013,Hammersmith and Fulham,E12000007,London,E92000001,England
E05000261,Ravenscourt Park,E09000013,Hammersmith and Fulham,E12000007,London,E92000001,England
E05000262,Sands End,E09000013,Hammersmith and Fulham,E12000007,London,E92000001,England
E05000263,Shepherd's Bush Green,E09000013,Hammersmith and Fulham,E12000007,London,E92000001,England
E05000264,Town,E09000013,Hammersmith and Fulham,E12000007,London,E92000001,England
E05000265,Wormholt and White City,E09000013,Hammersmith and Fulham,E12000007,London,E92000001,England
E05000266,Alexandra,E09000014,Haringey,E12000007,London,E92000001,England
E05000267,Bounds Green,E09000014,Haringey,E12000007,London,E92000001,England
E05000268,Bruce Grove,E09000014,Haringey,E12000007,London,E92000001,England
E05000269,Crouch End,E09000014,Haringey,E12000007,London,E92000001,England
E05000270,Fortis Green,E09000014,Haringey,E12000007,London,E92000001,England
E05000271,Harringay,E09000014,Haringey,E12000007,London,E92000001,England
E05000272,Highgate,E09000014,Haringey,E12000007,London,E92000001,England
E05000273,Hornsey,E09000014,Haringey,E12000007,London,E92000001,England
E05000274,Muswell Hill,E09000014,Haringey,E12000007,London,E92000001,England
E05000275,Noel Park,E09000014,Haringey,E12000007,London,E92000001,England
E05000276,Northumberland Park,E09000014,Haringey,E12000007,London,E92000001,England
E05000277,St Ann's,E09000014,Haringey,E12000007,London,E92000001,England
E05000278,Seven Sisters,E09000014,Haringey,E12000007,London,E92000001,England
E05000279,Stroud Green,E09000014,Haringey,E12000007,London,E92000001,England
E05000280,Tottenham Green,E09000014,Haringey,E12000007,London,E92000001,England
E05000281,Tottenham Hale,E09000014,Haringey,E12000007,London,E92000001,England
E05000282,West Green,E09000014,Haringey,E12000007,London,E92000001,England
E05000283,White Hart Lane,E09000014,Haringey,E12000007,London,E92000001,England
E05000284,Woodside,E09000014,Haringey,E12000007,London,E92000001,England
E05000285,Belmont,E09000015,Harrow,E12000007,London,E92000001,England
E05000286,Canons,E09000015,Harrow,E12000007,London,E92000001,England
E05000287,Edgware,E09000015,Harrow,E12000007,London,E92000001,England
E05000288,Greenhill,E09000015,Harrow,E12000007,London,E92000001,England
E05000289,Harrow on the Hill,E09000015,Harrow,E12000007,London,E92000001,England
E05000290,Harrow Weald,E09000015,Harrow,E12000007,London,E92000001,England
E05000291,Hatch End,E09000015,Harrow,E12000007,London,E92000001,England
E05000292,Headstone North,E09000015,Harrow,E12000007,London,E92000001,England
E05000293,Headstone South,E09000015,Harrow,E12000007,London,E92000001,England
E05000294,Kenton East,E09000015,Harrow,E12000007,London,E92000001,England
E05000295,Kenton West,E09000015,Harrow,E12000007,London,E92000001,England
E05000296,Marlborough,E09000015,Harrow,E12000007,London,E92000001,England
E05000297,Pinner,E09000015,Harrow,E12000007,London,E92000001,England
E05000298,Pinner South,E09000015,Harrow,E12000007,London,E92000001,England
E05000299,Queensbury,E09000015,Harrow,E12000007,London,E92000001,England
E05000300,Rayners Lane,E09000015,Harrow,E12000007,London,E92000001,England
E05000301,Roxbourne,E09000015,Harrow,E12000007,London,E92000001,England
E05000302,Roxeth,E09000015,Harrow,E12000007,London,E92000001,England
E05000303,Stanmore Park,E09000015,Harrow,E12000007,London,E92000001,England
E05000304,Wealdstone,E09000015,Harrow,E12000007,London,E92000001,England
E05000305,West Harrow,E09000015,Harrow,E12000007,London,E92000001,England
E05000306,Brooklands,E09000016,Havering,E12000007,London,E92000001,England
E05000307,Cranham,E09000016,Havering,E12000007,London,E92000001,England
E05000308,Elm Park,E09000016,Havering,E12000007,London,E92000001,England
E05000309,Emerson Park,E09000016,Havering,E12000007,London,E92000001,England
E05000310,Gooshays,E09000016,Havering,E12000007,London,E92000001,England
E05000311,Hacton,E09000016,Havering,E12000007,London,E92000001,England
E05000312,Harold Wood,E09000016,Havering,E12000007,London,E92000001,England
E05000313,Havering Park,E09000016,Havering,E12000007,London,E92000001,England
E05000314,Heaton,E09000016,Havering,E12000007,London,E92000001,England
E05000315,Hylands,E09000016,Havering,E12000007,London,E92000001,England
E05000316,Mawneys,E09000016,Havering,E12000007,London,E92000001,England
E05000317,Pettits,E09000016,Havering,E12000007,London,E92000001,England
E05000318,Rainham and Wennington,E09000016,Havering,E12000007,London,E92000001,England
E05000319,Romford Town,E09000016,Havering,E12000007,London,E92000001,England
E05000320,St Andrew's,E09000016,Havering,E12000007,London,E92000001,England
E05000321,South Hornchurch,E09000016,Havering,E12000007,London,E92000001,England
E05000322,Squirrel's Heath,E09000016,Havering,E12000007,London,E92000001,England
E05000323,Upminster,E09000016,Havering,E12000007,London,E92000001,England
E05000324,Barnhill,E09000017,Hillingdon,E12000007,London,E92000001,England
E05000325,Botwell,E09000017,Hillingdon,E12000007,London,E92000001,England
E05000326,Brunel,E09000017,Hillingdon,E12000007,London,E92000001,England
E05000327,Cavendish,E09000017,Hillingdon,E12000007,London,E92000001,England
E05000328,Charville,E09000017,Hillingdon,E12000007,London,E92000001,England
E05000329,Eastcote and East Ruislip,E09000017,Hillingdon,E12000007,London,E92000001,England
E05000330,Harefield,E09000017,Hillingdon,E12000007,London,E92000001,England
E05000331,Heathrow Villages,E09000017,Hillingdon,E12000007,London,E92000001,England
E05000332,Hillingdon East,E09000017,Hillingdon,E12000007,London,E92000001,England
E05000333,Ickenham,E09000017,Hillingdon,E12000007,London,E92000001,England
E05000334,Manor,E09000017,Hillingdon,E12000007,London,E92000001,England
E05000335,Northwood,E09000017,Hillingdon,E12000007,London,E92000001,England
E05000336,Northwood Hills,E09000017,Hillingdon,E12000007,London,E92000001,England
E05000337,Pinkwell,E09000017,Hillingdon,E12000007,London,E92000001,England
E05000338,South Ruislip,E09000017,Hillingdon,E12000007,London,E92000001,England
E05000339,Townfield,E09000017,Hillingdon,E12000007,London,E92000001,England
E05000340,Uxbridge North,E09000017,Hillingdon,E12000007,London,E92000001,England
E05000341,Uxbridge South,E09000017,Hillingdon,E12000007,London,E92000001,England
E05000342,West Drayton,E09000017,Hillingdon,E12000007,London,E92000001,England
E05000343,West Ruislip,E09000017,Hillingdon,E12000007,London,E92000001,England
E05000344,Yeading,E09000017,Hillingdon,E12000007,London,E92000001,England
E05000345,Yiewsley,E09000017,Hillingdon,E12000007,London,E92000001,England
E05000346,Bedfont,E09000018,Hounslow,E12000007,London,E92000001,England
E05000347,Brentford,E09000018,Hounslow,E12000007,London,E92000001,England
E05000348,Chiswick Homefields,E09000018,Hounslow,E12000007,London,E92000001,England
E05000349,Chiswick Riverside,E09000018,Hounslow,E12000007,London,E92000001,England
E05000350,Cranford,E09000018,Hounslow,E12000007,London,E92000001,England
E05000351,Feltham North,E09000018,Hounslow,E12000007,London,E92000001,England
E05000352,Feltham West,E09000018,Hounslow,E12000007,London,E92000001,England
E05000353,Hanworth,E09000018,Hounslow,E12000007,London,E92000001,England
E05000354,Hanworth Park,E09000018,Hounslow,E12000007,London,E92000001,England
E05000355,Heston Central,E09000018,Hounslow,E12000007,London,E92000001,England
E05000356,Heston East,E09000018,Hounslow,E12000007,London,E92000001,England
E05000357,Heston West,E09000018,Hounslow,E12000007,London,E92000001,England
E05000358,Hounslow Central,E09000018,Hounslow,E12000007,London,E92000001,England
E05000359,Hounslow Heath,E09000018,Hounslow,E12000007,London,E92000001,England
E05000360,Hounslow South,E09000018,Hounslow,E12000007,London,E92000001,England
E05000361,Hounslow West,E09000018,Hounslow,E12000007,London,E92000001,England
E05000362,Isleworth,E09000018,Hounslow,E12000007,London,E92000001,England
E05000363,Osterley and Spring Grove,E09000018,Hounslow,E12000007,London,E92000001,England
E05000364,Syon,E09000018,Hounslow,E12000007,London,E92000001,England
E05000365,Turnham Green,E09000018,Hounslow,E12000007,London,E92000001,England
E05000366,Barnsbury,E09000019,Islington,E12000007,London,E92000001,England
E05000367,Bunhill,E09000019,Islington,E12000007,London,E92000001,England
E05000368,Caledonian,E09000019,Islington,E12000007,London,E92000001,England
E05000369,Canonbury,E09000019,Islington,E12000007,London,E92000001,England
E05000370,Clerkenwell,E09000019,Islington,E12000007,London,E92000001,England
E05000371,Finsbury Park,E09000019,Islington,E12000007,London,E92000001,England
E05000372,Highbury East,E09000019,Islington,E12000007,London,E92000001,England
E05000373,Highbury West,E09000019,Islington,E12000007,London,E92000001,England
E05000374,Hillrise,E09000019,Islington,E12000007,London,E92000001,England
E05000375,Holloway,E09000019,Islington,E12000007,London,E92000001,England
E05000376,Junction,E09000019,Islington,E12000007,London,E92000001,England
E05000377,Mildmay,E09000019,Islington,E12000007,London,E92000001,England
E05000378,St George's,E09000019,Islington,E12000007,London,E92000001,England
E05000379,St Mary's,E09000019,Islington,E12000007,London,E92000001,England
E05000380,St Peter's,E09000019,Islington,E12000007,London,E92000001,England
E05000381,Tollington,E09000019,Islington,E12000007,London,E92000001,England
E05000400,Alexandra,E09000021,Kingston upon Thames,E12000007,London,E92000001,England
E05000401,Berrylands,E09000021,Kingston upon Thames,E12000007,London,E92000001,England
E05000402,Beverley,E09000021,Kingston upon Thames,E12000007,London,E92000001,England
E05000403,Canbury,E09000021,Kingston upon Thames,E12000007,London,E92000001,England
E05000404,Chessington North and Hook,E09000021,Kingston upon Thames,E12000007,London,E92000001,England
E05000405,Chessington South,E09000021,Kingston upon Thames,E12000007,London,E92000001,England
E05000406,Coombe Hill,E09000021,Kingston upon Thames,E12000007,London,E92000001,England
E05000407,Coombe Vale,E09000021,Kingston upon Thames,E12000007,London,E92000001,England
E05000408,Grove,E09000021,Kingston upon Thames,E12000007,London,E92000001,England
E05000409,Norbiton,E09000021,Kingston upon Thames,E12000007,London,E92000001,England
E05000410,Old Malden,E09000021,Kingston upon Thames,E12000007,London,E92000001,England
E05000411,St James,E09000021,Kingston upon Thames,E12000007,London,E92000001,England
E05000412,St Mark's,E09000021,Kingston upon Thames,E12000007,London,E92000001,England
E05000413,Surbiton Hill,E09000021,Kingston upon Thames,E12000007,London,E92000001,England
E05000414,Tolworth and Hook Rise,E09000021,Kingston upon Thames,E12000007,London,E92000001,England
E05000415,Tudor,E09000021,Kingston upon Thames,E12000007,London,E92000001,England
E05000416,Bishop's,E09000022,Lambeth,E12000007,London,E92000001,England
E05000417,Brixton Hill,E09000022,Lambeth,E12000007,London,E92000001,England
E05000418,Clapham Common,E09000022,Lambeth,E12000007,London,E92000001,England
E05000419,Clapham Town,E09000022,Lambeth,E12000007,London,E92000001,England
E05000420,Coldharbour,E09000022,Lambeth,E12000007,London,E92000001,England
E05000421,Ferndale,E09000022,Lambeth,E12000007,London,E92000001,England
E05000422,Gipsy Hill,E09000022,Lambeth,E12000007,London,E92000001,England
E05000423,Herne Hill,E09000022,Lambeth,E12000007,London,E92000001,England
E05000424,Knight's Hill,E09000022,Lambeth,E12000007,London,E92000001,England
E05000425,Larkhall,E09000022,Lambeth,E12000007,London,E92000001,England
E05000426,Oval,E09000022,Lambeth,E12000007,London,E92000001,England
E05000427,Prince's,E09000022,Lambeth,E12000007,London,E92000001,England
E05000428,St Leonard's,E09000022,Lambeth,E12000007,London,E92000001,England
E05000429,Stockwell,E09000022,Lambeth,E12000007,London,E92000001,England
E05000430,Streatham Hill,E09000022,Lambeth,E12000007,London,E92000001,England
E05000431,Streatham South,E09000022,Lambeth,E12000007,London,E92000001,England
E05000432,Streatham Wells,E09000022,Lambeth,E12000007,London,E92000001,England
E05000433,Thornton,E09000022,Lambeth,E12000007,London,E92000001,England
E05000434,Thurlow Park,E09000022,Lambeth,E12000007,London,E92000001,England
E05000435,Tulse Hill,E09000022,Lambeth,E12000007,London,E92000001,England
E05000436,Vassall,E09000022,Lambeth,E12000007,London,E92000001,England
E05000437,Bellingham,E09000023,Lewisham,E12000007,London,E92000001,England
E05000438,Blackheath,E09000023,Lewisham,E12000007,London,E92000001,England
E05000439,Brockley,E09000023,Lewisham,E12000007,London,E92000001,England
E05000440,Catford South,E09000023,Lewisham,E12000007,London,E92000001,England
E05000441,Crofton Park,E09000023,Lewisham,E12000007,London,E92000001,England
E05000442,Downham,E09000023,Lewisham,E12000007,London,E92000001,England
E05000443,Evelyn,E09000023,Lewisham,E12000007,London,E92000001,England
E05000444,Forest Hill,E09000023,Lewisham,E12000007,London,E92000001,England
E05000445,Grove Park,E09000023,Lewisham,E12000007,London,E92000001,England
E05000446,Ladywell,E09000023,Lewisham,E12000007,London,E92000001,England
E05000447,Lee Green,E09000023,Lewisham,E12000007,London,E92000001,England
E05000448,Lewisham Central,E09000023,Lewisham,E12000007,London,E92000001,England
E05000449,New Cross,E09000023,Lewisham,E12000007,London,E92000001,England
E05000450,Perry Vale,E09000023,Lewisham,E12000007,London,E92000001,England
E05000451,Rushey Green,E09000023,Lewisham,E12000007,London,E92000001,England
E05000452,Sydenham,E09000023,Lewisham,E12000007,London,E92000001,England
E05000453,Telegraph Hill,E09000023,Lewisham,E12000007,London,E92000001,England
E05000454,Whitefoot,E09000023,Lewisham,E12000007,London,E92000001,England
E05000455,Abbey,E09000024,Merton,E12000007,London,E92000001,England
E05000456,Cannon Hill,E09000024,Merton,E12000007,London,E92000001,England
E05000457,Colliers Wood,E09000024,Merton,E12000007,London,E92000001,England
E05000458,Cricket Green,E09000024,Merton,E12000007,London,E92000001,England
E05000459,Dundonald,E09000024,Merton,E12000007,London,E92000001,England
E05000460,Figge's Marsh,E09000024,Merton,E12000007,London,E92000001,England
E05000461,Graveney,E09000024,Merton,E12000007,London,E92000001,England
E05000462,Hillside,E09000024,Merton,E12000007,London,E92000001,England
E05000463,Lavender Fields,E09000024,Merton,E12000007,London,E92000001,England
E05000464,Longthornton,E09000024,Merton,E12000007,London,E92000001,England
E05000465,Lower Morden,E09000024,Merton,E12000007,London,E92000001,England
E05000466,Merton Park,E09000024,Merton,E12000007,London,E92000001,England
E05000467,Pollards Hill,E09000024,Merton,E12000007,London,E92000001,England
E05000468,Ravensbury,E09000024,Merton,E12000007,London,E92000001,England
E05000469,Raynes Park,E09000024,Merton,E12000007,London,E92000001,England
E05000470,St Helier,E09000024,Merton,E12000007,London,E92000001,England
E05000471,Trinity,E09000024,Merton,E12000007,London,E92000001,England
E05000472,Village,E09000024,Merton,E12000007,London,E92000001,England
E05000473,West Barnes,E09000024,Merton,E12000007,London,E92000001,England
E05000474,Wimbledon Park,E09000024,Merton,E12000007,London,E92000001,England
E05000475,Beckton,E09000025,Newham,E12000007,London,E92000001,England
E05000476,Boleyn,E09000025,Newham,E12000007,London,E92000001,England
E05000477,Canning Town North,E09000025,Newham,E12000007,London,E92000001,England
E05000478,Canning Town South,E09000025,Newham,E12000007,London,E92000001,England
E05000479,Custom House,E09000025,Newham,E12000007,London,E92000001,England
E05000480,East Ham Central,E09000025,Newham,E12000007,London,E92000001,England
E05000481,East Ham North,E09000025,Newham,E12000007,London,E92000001,England
E05000482,East Ham South,E09000025,Newham,E12000007,London,E92000001,England
E05000483,Forest Gate North,E09000025,Newham,E12000007,London,E92000001,England
E05000484,Forest Gate South,E09000025,Newham,E12000007,London,E92000001,England
E05000485,Green Street East,E09000025,Newham,E12000007,London,E92000001,England
E05000486,Green Street West,E09000025,Newham,E12000007,London,E92000001,England
E05000487,Little Ilford,E09000025,Newham,E12000007,London,E92000001,England
E05000488,Manor Park,E09000025,Newham,E12000007,London,E92000001,England
E05000489,Plaistow North,E09000025,Newham,E12000007,London,E92000001,England
E05000490,Plaistow South,E09000025,Newham,E12000007,London,E92000001,England
E05000491,Royal Docks,E09000025,Newham,E12000007,London,E92000001,England
E05000492,Stratford and New Town,E09000025,Newham,E12000007,London,E92000001,England
E05000493,Wall End,E09000025,Newham,E12000007,London,E92000001,England
E05000494,West Ham,E09000025,Newham,E12000007,London,E92000001,England
E05000516,Barnes,E09000027,Richmond upon Thames,E12000007,London,E92000001,England
E05000517,East Sheen,E09000027,Richmond upon Thames,E12000007,London,E92000001,England
E05000518,Fulwell and Hampton Hill,E09000027,Richmond upon Thames,E12000007,London,E92000001,England
E05000519,"Ham, Petersham and Richmond Riverside",E09000027,Richmond upon Thames,E12000007,London,E92000001,England
E05000520,Hampton,E09000027,Richmond upon Thames,E12000007,London,E92000001,England
E05000521,Hampton North,E09000027,Richmond upon Thames,E12000007,London,E92000001,England
E05000522,Hampton Wick,E09000027,Richmond upon Thames,E12000007,London,E92000001,England
E05000523,Heathfield,E09000027,Richmond upon Thames,E12000007,London,E92000001,England
E05000524,Kew,E09000027,Richmond upon Thames,E12000007,London,E92000001,England
E05000525,Mortlake and Barnes Common,E09000027,Richmond upon Thames,E12000007,London,E92000001,England
E05000526,North Richmond,E09000027,Richmond upon Thames,E12000007,London,E92000001,England
E05000527,St Margarets and North Twickenham,E09000027,Richmond upon Thames,E12000007,London,E92000001,England
E05000528,South Richmond,E09000027,Richmond upon Thames,E12000007,London,E92000001,England
E05000529,South Twickenham,E09000027,Richmond upon Thames,E12000007,London,E92000001,England
E05000530,Teddington,E09000027,Richmond upon Thames,E12000007,London,E92000001,England
E05000531,Twickenham Riverside,E09000027,Richmond upon Thames,E12000007,London,E92000001,England
E05000532,West Twickenham,E09000027,Richmond upon Thames,E12000007,London,E92000001,England
E05000555,Beddington North,E09000029,Sutton,E12000007,London,E92000001,England
E05000556,Beddington South,E09000029,Sutton,E12000007,London,E92000001,England
E05000557,Belmont,E09000029,Sutton,E12000007,London,E92000001,England
E05000558,Carshalton Central,E09000029,Sutton,E12000007,London,E92000001,England
E05000559,Carshalton South and Clockhouse,E09000029,Sutton,E12000007,London,E92000001,England
E05000560,Cheam,E09000029,Sutton,E12000007,London,E92000001,England
E05000561,Nonsuch,E09000029,Sutton,E12000007,London,E92000001,England
E05000562,St Helier,E09000029,Sutton,E12000007,London,E92000001,England
E05000563,Stonecot,E09000029,Sutton,E12000007,London,E92000001,England
E05000564,Sutton Central,E09000029,Sutton,E12000007,London,E92000001,England
E05000565,Sutton North,E09000029,Sutton,E12000007,London,E92000001,England
E05000566,Sutton South,E09000029,Sutton,E12000007,London,E92000001,England
E05000567,Sutton West,E09000029,Sutton,E12000007,London,E92000001,England
E05000568,The Wrythe,E09000029,Sutton,E12000007,London,E92000001,England
E05000569,Wallington North,E09000029,Sutton,E12000007,London,E92000001,England
E05000570,Wallington South,E09000029,Sutton,E12000007,London,E92000001,England
E05000571,Wandle Valley,E09000029,Sutton,E12000007,London,E92000001,England
E05000572,Worcester Park,E09000029,Sutton,E12000007,London,E92000001,England
E05000590,Cann Hall,E09000031,Waltham Forest,E12000007,London,E92000001,England
E05000591,Cathall,E09000031,Waltham Forest,E12000007,London,E92000001,England
E05000592,Chapel End,E09000031,Waltham Forest,E12000007,London,E92000001,England
E05000593,Chingford Green,E09000031,Waltham Forest,E12000007,London,E92000001,England
E05000594,Endlebury,E09000031,Waltham Forest,E12000007,London,E92000001,England
E05000595,Forest,E09000031,Waltham Forest,E12000007,London,E92000001,England
E05000596,Grove Green,E09000031,Waltham Forest,E12000007,London,E92000001,England
E05000597,Hale End and Highams Park,E09000031,Waltham Forest,E12000007,London,E92000001,England
E05000598,Hatch Lane,E09000031,Waltham Forest,E12000007,London,E92000001,England
E05000599,High Street,E09000031,Waltham Forest,E12000007,London,E92000001,England
E05000600,Higham Hill,E09000031,Waltham Forest,E12000007,London,E92000001,England
E05000601,Hoe Street,E09000031,Waltham Forest,E12000007,London,E92000001,England
E05000602,Larkswood,E09000031,Waltham Forest,E12000007,London,E92000001,England
E05000603,Lea Bridge,E09000031,Waltham Forest,E12000007,London,E92000001,England
E05000604,Leyton,E09000031,Waltham Forest,E12000007,London,E92000001,England
E05000605,Leytonstone,E09000031,Waltham Forest,E12000007,London,E92000001,England
E05000606,Markhouse,E09000031,Waltham Forest,E12000007,London,E92000001,England
E05000607,Valley,E09000031,Waltham Forest,E12000007,London,E92000001,England
E05000608,William Morris,E09000031,Waltham Forest,E12000007,London,E92000001,England
E05000609,Wood Street,E09000031,Waltham Forest,E12000007,London,E92000001,England
E05000610,Balham,E09000032,Wandsworth,E12000007,London,E92000001,England
E05000611,Bedford,E09000032,Wandsworth,E12000007,London,E92000001,England
E05000612,Earlsfield,E09000032,Wandsworth,E12000007,London,E92000001,England
E05000613,East Putney,E09000032,Wandsworth,E12000007,London,E92000001,England
E05000614,Fairfield,E09000032,Wandsworth,E12000007,London,E92000001,England
E05000615,Furzedown,E09000032,Wandsworth,E12000007,London,E92000001,England
E05000616,Graveney,E09000032,Wandsworth,E12000007,London,E92000001,England
E05000617,Latchmere,E09000032,Wandsworth,E12000007,London,E92000001,England
E05000618,Nightingale,E09000032,Wandsworth,E12000007,London,E92000001,England
E05000619,Northcote,E09000032,Wandsworth,E12000007,London,E92000001,England
E05000620,Queenstown,E09000032,Wandsworth,E12000007,London,E92000001,England
E05000621,Roehampton and Putney Heath,E09000032,Wandsworth,E12000007,London,E92000001,England
E05000622,St Mary's Park,E09000032,Wandsworth,E12000007,London,E92000001,England
E05000623,Shaftesbury,E09000032,Wandsworth,E12000007,London,E92000001,England
E05000624,Southfields,E09000032,Wandsworth,E12000007,London,E92000001,England
E05000625,Thamesfield,E09000032,Wandsworth,E12000007,London,E92000001,England
E05000626,Tooting,E09000032,Wandsworth,E12000007,London,E92000001,England
E05000627,Wandsworth Common,E09000032,Wandsworth,E12000007,London,E92000001,England
E05000628,West Hill,E09000032,Wandsworth,E12000007,London,E92000001,England
E05000629,West Putney,E09000032,Wandsworth,E12000007,London,E92000001,England
E05000630,Abbey Road,E09000033,Westminster,E12000007,London,E92000001,England
E05000631,Bayswater,E09000033,Westminster,E12000007,London,E92000001,England
E05000632,Bryanston and Dorset Square,E09000033,Westminster,E12000007,London,E92000001,England
E05000633,Churchill,E09000033,Westminster,E12000007,London,E92000001,England
E05000634,Church Street,E09000033,Westminster,E12000007,London,E92000001,England
E05000635,Harrow Road,E09000033,Westminster,E12000007,London,E92000001,England
E05000636,Hyde Park,E09000033,Westminster,E12000007,London,E92000001,England
E05000637,Knightsbridge and Belgravia,E09000033,Westminster,E12000007,London,E92000001,England
E05000638,Lancaster Gate,E09000033,Westminster,E12000007,London,E92000001,England
E05000639,Little Venice,E09000033,Westminster,E12000007,London,E92000001,England
E05000640,Maida Vale,E09000033,Westminster,E12000007,London,E92000001,England
E05000641,Marylebone High Street,E09000033,Westminster,E12000007,London,E92000001,England
E05000642,Queen's Park,E09000033,Westminster,E12000007,London,E92000001,England
E05000643,Regent's Park,E09000033,Westminster,E12000007,London,E92000001,England
E05000644,St James's,E09000033,Westminster,E12000007,London,E92000001,England
E05000645,Tachbrook,E09000033,Westminster,E12000007,London,E92000001,England
E05000646,Vincent Square,E09000033,Westminster,E12000007,London,E92000001,England
E05000647,Warwick,E09000033,Westminster,E12000007,London,E92000001,England
E05000648,Westbourne,E09000033,Westminster,E12000007,London,E92000001,England
E05000649,West End,E09000033,Westminster,E12000007,London,E92000001,England
E05009288,Aldersgate,E09000001,City of London,E12000007,London,E92000001,England
E05009289,Aldgate,E09000001,City of London,E12000007,London,E92000001,England
E05009290,Bassishaw,E09000001,City of London,E12000007,London,E92000001,England
E05009291,Billingsgate,E09000001,City of London,E12000007,London,E92000001,England
E05009292,Bishopsgate,E09000001,City of London,E12000007,London,E92000001,England
E05009293,Bread Street,E09000001,City of London,E12000007,London,E92000001,England
E05009294,Bridge,E09000001,City of London,E12000007,London,E92000001,England
E05009295,Broad Street,E09000001,City of London,E12000007,London,E92000001,England
E05009296,Candlewick,E09000001,City of London,E12000007,London,E92000001,England
E05009297,Castle Baynard,E09000001,City of London,E12000007,London,E92000001,England
E05009298,Cheap,E09000001,City of London,E12000007,London,E92000001,England
E05009299,Coleman Street,E09000001,City of London,E12000007,London,E92000001,England
E05009300,Cordwainer,E09000001,City of London,E12000007,London,E92000001,England
E05009301,Cornhill,E09000001,City of London,E12000007,London,E92000001,England
E05009302,Cripplegate,E09000001,City of London,E12000007,London,E92000001,England
E05009303,Dowgate,E09000001,City of London,E12000007,London,E92000001,England
E05009304,Farringdon Within,E09000001,City of London,E12000007,London,E92000001,England
E05009305,Farringdon Without,E09000001,City of London,E12000007,London,E92000001,England
E05009306,Langbourn,E09000001,City of London,E12000007,London,E92000001,England
E05009307,Lime Street,E09000001,City of London,E12000007,London,E92000001,England
E05009308,Portsoken,E09000001,City of London,E12000007,London,E92000001,England
E05009309,Queenhithe,E09000001,City of London,E12000007,London,E92000001,England
E05009310,Tower,E09000001,City of London,E12000007,London,E92000001,England
E05009311,Vintry,E09000001,City of London,E12000007,London,E92000001,England
E05009312,Walbrook,E09000001,City of London,E12000007,London,E92000001,England
E05009317,Bethnal Green,E09000030,Tower Hamlets,E12000007,London,E92000001,England
E05009318,Blackwall & Cubitt Town,E09000030,Tower Hamlets,E12000007,London,E92000001,England
E05009319,Bow East,E09000030,Tower Hamlets,E12000007,London,E92000001,England
E05009320,Bow West,E09000030,Tower Hamlets,E12000007,London,E92000001,England
E05009321,Bromley North,E09000030,Tower Hamlets,E12000007,London,E92000001,England
E05009322,Bromley South,E09000030,Tower Hamlets,E12000007,London,E92000001,England
E05009323,Canary Wharf,E09000030,Tower Hamlets,E12000007,London,E92000001,England
E05009324,Island Gardens,E09000030,Tower Hamlets,E12000007,London,E92000001,England
E05009325,Lansbury,E09000030,Tower Hamlets,E12000007,London,E92000001,England
E05009326,Limehouse,E09000030,Tower Hamlets,E12000007,London,E92000001,England
E05009327,Mile End,E09000030,Tower Hamlets,E12000007,London,E92000001,England
E05009328,Poplar,E09000030,Tower Hamlets,E12000007,London,E92000001,England
E05009329,St Dunstan's,E09000030,Tower Hamlets,E12000007,London,E92000001,England
E05009330,St Katharine's & Wapping,E09000030,Tower Hamlets,E12000007,London,E92000001,England
E05009331,St Peter's,E09000030,Tower Hamlets,E12000007,London,E92000001,England
E05009332,Shadwell,E09000030,Tower Hamlets,E12000007,London,E92000001,England
E05009333,Spitalfields & Banglatown,E09000030,Tower Hamlets,E12000007,London,E92000001,England
E05009334,Stepney Green,E09000030,Tower Hamlets,E12000007,London,E92000001,England
E05009335,Weavers,E09000030,Tower Hamlets,E12000007,London,E92000001,England
E05009336,Whitechapel,E09000030,Tower Hamlets,E12000007,London,E92000001,England
E05009367,Brownswood,E09000012,Hackney,E12000007,London,E92000001,England
E05009368,Cazenove,E09000012,Hackney,E12000007,London,E92000001,England
E05009369,Clissold,E09000012,Hackney,E12000007,London,E92000001,England
E05009370,Dalston,E09000012,Hackney,E12000007,London,E92000001,England
E05009371,De Beauvoir,E09000012,Hackney,E12000007,London,E92000001,England
E05009372,Hackney Central,E09000012,Hackney,E12000007,London,E92000001,England
E05009373,Hackney Downs,E09000012,Hackney,E12000007,London,E92000001,England
E05009374,Hackney Wick,E09000012,Hackney,E12000007,London,E92000001,England
E05009375,Haggerston,E09000012,Hackney,E12000007,London,E92000001,England
E05009376,Homerton,E09000012,Hackney,E12000007,London,E92000001,England
E05009377,Hoxton East & Shoreditch,E09000012,Hackney,E12000007,London,E92000001,England
E05009378,Hoxton West,E09000012,Hackney,E12000007,London,E92000001,England
E05009379,King's Park,E09000012,Hackney,E12000007,London,E92000001,England
E05009380,Lea Bridge,E09000012,Hackney,E12000007,London,E92000001,England
E05009381,London Fields,E09000012,Hackney,E12000007,London,E92000001,England
E05009382,Shacklewell,E09000012,Hackney,E12000007,London,E92000001,England
E05009383,Springfield,E09000012,Hackney,E12000007,London,E92000001,England
E05009384,Stamford Hill West,E09000012,Hackney,E12000007,London,E92000001,England
E05009385,Stoke Newington,E09000012,Hackney,E12000007,London,E92000001,England
E05009386,Victoria,E09000012,Hackney,E12000007,London,E92000001,England
E05009387,Woodberry Down,E09000012,Hackney,E12000007,London,E92000001,England
E05009388,Abingdon,E09000020,Kensington and Chelsea,E12000007,London,E92000001,England
E05009389,Brompton & Hans Town,E09000020,Kensington and Chelsea,E12000007,London,E92000001,England
E05009390,Campden,E09000020,Kensington and Chelsea,E12000007,London,E92000001,England
E05009391,Chelsea Riverside,E09000020,Kensington and Chelsea,E12000007,London,E92000001,England
E05009392,Colville,E09000020,Kensington and Chelsea,E12000007,London,E92000001,England
E05009393,Courtfield,E09000020,Kensington and Chelsea,E12000007,London,E92000001,England
E05009394,Dalgarno,E09000020,Kensington and Chelsea,E12000007,London,E92000001,England
E05009395,Earl's Court,E09000020,Kensington and Chelsea,E12000007,London,E92000001,England
E05009396,Golborne,E09000020,Kensington and Chelsea,E12000007,London,E92000001,England
E05009397,Holland,E09000020,Kensington and Chelsea,E12000007,London,E92000001,England
E05009398,Norland,E09000020,Kensington and Chelsea,E12000007,London,E92000001,England
E05009399,Notting Dale,E09000020,Kensington and Chelsea,E12000007,London,E92000001,England
E05009400,Pembridge,E09000020,Kensington and Chelsea,E12000007,London,E92000001,England
E05009401,Queen's Gate,E09000020,Kensington and Chelsea,E12000007,London,E92000001,England
E05009402,Redcliffe,E09000020,Kensington and Chelsea,E12000007,London,E92000001,England
E05009403,Royal Hospital,E09000020,Kensington and Chelsea,E12000007,London,E92000001,England
E05009404,St. Helen's,E09000020,Kensington and Chelsea,E12000007,London,E92000001,England
E05009405,Stanley,E09000020,Kensington and Chelsea,E12000007,London,E92000001,England
E05011095,Borough & Bankside,E09000028,Southwark,E12000007,London,E92000001,England
E05011096,Camberwell Green,E09000028,Southwark,E12000007,London,E92000001,England
E05011097,Champion Hill,E09000028,Southwark,E12000007,London,E92000001,England
E05011098,Chaucer,E09000028,Southwark,E12000007,London,E92000001,England
E05011099,Dulwich Hill,E09000028,Southwark,E12000007,London,E92000001,England
E05011100,Dulwich Village,E09000028,Southwark,E12000007,London,E92000001,England
E05011101,Dulwich Wood,E09000028,Southwark,E12000007,London,E92000001,England
E05011102,Faraday,E09000028,Southwark,E12000007,London,E92000001,England
E05011103,Goose Green,E09000028,Southwark,E12000007,London,E92000001,England
E05011104,London Bridge & West Bermondsey,E09000028,Southwark,E12000007,London,E92000001,England
E05011105,Newington,E09000028,Southwark,E12000007,London,E92000001,England
E05011106,North Bermondsey,E09000028,Southwark,E12000007,London,E92000001,England
E05011107,North Walworth,E09000028,Southwark,E12000007,London,E92000001,England
E05011108,Nunhead & Queen's Road,E09000028,Southwark,E12000007,London,E92000001,England
E05011109,Old Kent Road,E09000028,Southwark,E12000007,London,E92000001,England
E05011110,Peckham,E09000028,Southwark,E12000007,London,E92000001,England
E05011111,Peckham Rye,E09000028,Southwark,E12000007,London,E92000001,England
E05011112,Rotherhithe,E09000028,Southwark,E12000007,London,E92000001,England
E05011113,Rye Lane,E09000028,Southwark,E12000007,London,E92000001,England
E05011114,St George's,E09000028,Southwark,E12000007,London,E92000001,England
E05011115,St Giles,E09000028,Southwark,E12000007,London,E92000001,England
E05011116,South Bermondsey,E09000028,Southwark,E12000007,London,E92000001,England
E05011117,Surrey Docks,E09000028,Southwark,E12000007,London,E92000001,England
E05011217,Barnehurst,E09000004,Bexley,E12000007,London,E92000001,England
E05011218,Belvedere,E09000004,Bexley,E12000007,London,E92000001,England
E05011219,Bexleyheath,E09000004,Bexley,E12000007,London,E92000001,England
E05011220,Blackfen & Lamorbey,E09000004,Bexley,E12000007,London,E92000001,England
E05011221,Blendon & Penhill,E09000004,Bexley,E12000007,London,E92000001,England
E05011222,Crayford,E09000004,Bexley,E12000007,London,E92000001,England
E05011223,Crook Log,E09000004,Bexley,E12000007,London,E92000001,England
E05011224,East Wickham,E09000004,Bexley,E12000007,London,E92000001,England
E05011225,Erith,E09000004,Bexley,E12000007,London,E92000001,England
E05011226,Falconwood & Welling,E09000004,Bexley,E12000007,London,E92000001,England
E05011227,Longlands,E09000004,Bexley,E12000007,London,E92000001,England
E05011228,Northumberland Heath,E09000004,Bexley,E12000007,London,E92000001,England
E05011229,St Mary's & St James,E09000004,Bexley,E12000007,London,E92000001,England
E05011230,Sidcup,E09000004,Bexley,E12000007,London,E92000001,England
E05011231,Slade Green & Northend,E09000004,Bexley,E12000007,London,E92000001,England
E05011232,Thamesmead East,E09000004,Bexley,E12000007,London,E92000001,England
E05011233,West Heath,E09000004,Bexley,E12000007,London,E92000001,England
E05011234,Aldborough,E09000026,Redbridge,E12000007,London,E92000001,England
E05011235,Barkingside,E09000026,Redbridge,E12000007,London,E92000001,England
E05011236,Bridge,E09000026,Redbridge,E12000007,London,E92000001,England
E05011237,Chadwell,E09000026,Redbridge,E12000007,London,E92000001,England
E05011238,Churchfields,E09000026,Redbridge,E12000007,London,E92000001,England
E05011239,Clayhall,E09000026,Redbridge,E12000007,London,E92000001,England
E05011240,Clementswood,E09000026,Redbridge,E12000007,London,E92000001,England
E05011241,Cranbrook,E09000026,Redbridge,E12000007,London,E92000001,England
E05011242,Fairlop,E09000026,Redbridge,E12000007,London,E92000001,England
E05011243,Fullwell,E09000026,Redbridge,E12000007,London,E92000001,England
E05011244,Goodmayes,E09000026,Redbridge,E12000007,London,E92000001,England
E05011245,Hainault,E09000026,Redbridge,E12000007,London,E92000001,England
E05011246,Ilford Town,E09000026,Redbridge,E12000007,London,E92000001,England
E05011247,Loxford,E09000026,Redbridge,E12000007,London,E92000001,England
E05011248,Mayfield,E09000026,Redbridge,E12000007,London,E92000001,England
E05011249,Monkhams,E09000026,Redbridge,E12000007,London,E92000001,England
E05011250,Newbury,E09000026,Redbridge,E12000007,London,E92000001,England
E05011251,Seven Kings,E09000026,Redbridge,E12000007,London,E92000001,England
E05011252,South Woodford,E09000026,Redbridge,E12000007,London,E92000001,England
E05011253,Valentines,E09000026,Redbridge,E12000007,London,E92000001,England
E05011254,Wanstead Park,E09000026,Redbridge,E12000007,London,E92000001,England
E05011255,Wanstead Village,E09000026,Redbridge,E12000007,London,E92000001,England
E05011462,Addiscombe East,E09000008,Croydon,E12000007,London,E92000001,England
E05011463,Addiscombe West,E09000008,Croydon,E12000007,London,E92000001,England
E05011464,Bensham Manor,E09000008,Croydon,E12000007,London,E92000001,England
E05011465,Broad Green,E09000008,Croydon,E12000007,London,E92000001,England
E05011466,Coulsdon Town,E09000008,Croydon,E12000007,London,E92000001,England
E05011467,Crystal Palace & Upper Norwood,E09000008,Croydon,E12000007,London,E92000001,England
E05011468,Fairfield,E09000008,Croydon,E12000007,London,E92000001,England
E05011469,Kenley,E09000008,Croydon,E12000007,London,E92000001,England
E05011470,New Addington North,E09000008,Croydon,E12000007,London,E92000001,England
E05011471,New Addington South,E09000008,Croydon,E12000007,London,E92000001,England
E05011472,Norbury & Pollards Hill,E09000008,Croydon,E12000007,London,E92000001,England
E05011473,Norbury Park,E09000008,Croydon,E12000007,London,E92000001,England
E05011474,Old Coulsdon,E09000008,Croydon,E12000007,London,E92000001,England
E05011475,Park Hill & Whitgift,E09000008,Croydon,E12000007,London,E92000001,England
E05011476,Purley & Woodcote,E09000008,Croydon,E12000007,London,E92000001,England
E05011477,Purley Oaks & Riddlesdown,E09000008,Croydon,E12000007,London,E92000001,England
E05011478,Sanderstead,E09000008,Croydon,E12000007,London,E92000001,England
E05011479,Selhurst,E09000008,Croydon,E12000007,London,E92000001,England
E05011480,Selsdon & Addington Village,E09000008,Croydon,E12000007,London,E92000001,England
E05011481,Selsdon Vale & Forestdale,E09000008,Croydon,E12000007,London,E92000001,England
E05011482,Shirley North,E09000008,Croydon,E12000007,London,E92000001,England
E05011483,Shirley South,E09000008,Croydon,E12000007,London,E92000001,England
E05011484,South Croydon,E09000008,Croydon,E12000007,London,E92000001,England
E05011485,South Norwood,E09000008,Croydon,E12000007,London,E92000001,England
E05011486,Thornton Heath,E09000008,Croydon,E12000007,London,E92000001,England
E05011487,Waddon,E09000008,Croydon,E12000007,London,E92000001,England
E05011488,West Thornton,E09000008,Croydon,E12000007,London,E92000001,England
E05011489,Woodside,E09000008,Croydon,E12000007,London,E92000001,England
