WDCD,WDNM,MDCD,MDNM,GORCD,GORNM,CTRYCD,CTRYNM
E05000650,Astley Bridge,E08000001,Bolton,E12000002,North West,E92000001,England
E05000651,Bradshaw,E08000001,Bolton,E12000002,North West,E92000001,England
E05000652,Breightmet,E08000001,Bolton,E12000002,North West,E92000001,England
E05000653,Bromley Cross,E08000001,Bolton,E12000002,North West,E92000001,England
E05000654,Crompton,E08000001,Bolton,E12000002,North West,E92000001,England
E05000655,Farnworth,E08000001,Bolton,E12000002,North West,E92000001,England
E05000656,Great Lever,E08000001,Bolton,E12000002,North West,E92000001,England
E05000657,Halliwell,E08000001,Bolton,E12000002,North West,E92000001,England
E05000658,Harper Green,E08000001,Bolton,E12000002,North West,E92000001,England
E05000659,Heaton and Lostock,E08000001,Bolton,E12000002,North West,E92000001,England
E05000660,Horwich and Blackrod,E08000001,Bolton,E12000002,North West,E92000001,England
E05000661,Horwich North East,E08000001,Bolton,E12000002,North West,E92000001,England
E05000662,Hulton,E08000001,Bolton,E12000002,North West,E92000001,England
E05000663,Kearsley,E08000001,Bolton,E12000002,North West,E92000001,England
E05000664,Little Lever and Darcy Lever,E08000001,Bolton,E12000002,North West,E92000001,England
E05000665,Rumworth,E08000001,Bolton,E12000002,North West,E92000001,England
E05000666,Smithills,E08000001,Bolton,E12000002,North West,E92000001,England
E05000667,Tonge with the Haulgh,E08000001,Bolton,E12000002,North West,E92000001,England
E05000668,Westhoughton North and Chew Moor,E08000001,Bolton,E12000002,North West,E92000001,England
E05000669,Westhoughton South,E08000001,Bolton,E12000002,North West,E92000001,England
E05000670,Besses,E08000002,Bury,E12000002,North West,E92000001,England
E05000671,Church,E08000002,Bury,E12000002,North West,E92000001,England
E05000672,East,E08000002,Bury,E12000002,North West,E92000001,England
E05000673,Elton,E08000002,Bury,E12000002,North West,E92000001,England
E05000674,Holyrood,E08000002,Bury,E12000002,North West,E92000001,England
E05000675,Moorside,E08000002,Bury,E12000002,North West,E92000001,England
E05000676,North Manor,E08000002,Bury,E12000002,North West,E92000001,England
E05000677,Pilkington Park,E08000002,Bury,E12000002,North West,E92000001,England
E05000678,Radcliffe East,E08000002,Bury,E12000002,North West,E92000001,England
E05000679,Radcliffe North,E08000002,Bury,E12000002,North West,E92000001,England
E05000680,Radcliffe West,E08000002,Bury,E12000002,North West,E92000001,England
E05000681,Ramsbottom,E08000002,Bury,E12000002,North West,E92000001,England
E05000682,Redvales,E08000002,Bury,E12000002,North West,E92000001,England
E05000683,St Mary's,E08000002,Bury,E12000002,North West,E92000001,England
E05000684,Sedgley,E08000002,Bury,E12000002,North West,E92000001,England
E05000685,Tottington,E08000002,Bury,E12000002,North West,E92000001,England
E05000686,Unsworth,E08000002,Bury,E12000002,North West,E92000001,England
E05000719,Alexandra,E08000004,Oldham,E12000002,North West,E92000001,England
E05000720,Chadderton Central,E08000004,Oldham,E12000002,North West,E92000001,England
E05000721,Chadderton North,E08000004,Oldham,E12000002,North West,E92000001,England
E05000722,Chadderton South,E08000004,Oldham,E12000002,North West,E92000001,England
E05000723,Coldhurst,E08000004,Oldham,E12000002,North West,E92000001,England
E05000724,Crompton,E08000004,Oldham,E12000002,North West,E92000001,England
E05000725,Failsworth East,E08000004,Oldham,E12000002,North West,E92000001,England
E05000726,Failsworth West,E08000004,Oldham,E12000002,North West,E92000001,England
E05000727,Hollinwood,E08000004,Oldham,E12000002,North West,E92000001,England
E05000728,Medlock Vale,E08000004,Oldham,E12000002,North West,E92000001,England
E05000729,Royton North,E08000004,Oldham,E12000002,North West,E92000001,England
E05000730,Royton South,E08000004,Oldham,E12000002,North West,E92000001,England
E05000731,Saddleworth North,E08000004,Oldham,E12000002,North West,E92000001,England
E05000732,Saddleworth South,E08000004,Oldham,E12000002,North West,E92000001,England
E05000733,Saddleworth West and Lees,E08000004,Oldham,E12000002,North West,E92000001,England
E05000734,St James',E08000004,Oldham,E12000002,North West,E92000001,England
E05000735,St Mary's,E08000004,Oldham,E12000002,North West,E92000001,England
E05000736,Shaw,E08000004,Oldham,E12000002,North West,E92000001,England
E05000737,Waterhead,E08000004,Oldham,E12000002,North West,E92000001,England
E05000738,Werneth,E08000004,Oldham,E12000002,North West,E92000001,England
E05000739,Balderstone and Kirkholt,E08000005,Rochdale,E12000002,North West,E92000001,England
E05000740,Bamford,E08000005,Rochdale,E12000002,North West,E92000001,England
E05000741,Castleton,E08000005,Rochdale,E12000002,North West,E92000001,England
E05000742,Central Rochdale,E08000005,Rochdale,E12000002,North West,E92000001,England
E05000743,East Middleton,E08000005,Rochdale,E12000002,North West,E92000001,England
E05000744,Healey,E08000005,Rochdale,E12000002,North West,E92000001,England
E05000745,Hopwood Hall,E08000005,Rochdale,E12000002,North West,E92000001,England
E05000746,Kingsway,E08000005,Rochdale,E12000002,North West,E92000001,England
E05000747,Littleborough Lakeside,E08000005,Rochdale,E12000002,North West,E92000001,England
E05000748,Milkstone and Deeplish,E08000005,Rochdale,E12000002,North West,E92000001,England
E05000749,Milnrow and Newhey,E08000005,Rochdale,E12000002,North West,E92000001,England
E05000750,Norden,E08000005,Rochdale,E12000002,North West,E92000001,England
E05000751,North Heywood,E08000005,Rochdale,E12000002,North West,E92000001,England
E05000752,North Middleton,E08000005,Rochdale,E12000002,North West,E92000001,England
E05000753,Smallbridge and Firgrove,E08000005,Rochdale,E12000002,North West,E92000001,England
E05000754,South Middleton,E08000005,Rochdale,E12000002,North West,E92000001,England
E05000755,Spotland and Falinge,E08000005,Rochdale,E12000002,North West,E92000001,England
E05000756,Wardle and West Littleborough,E08000005,Rochdale,E12000002,North West,E92000001,England
E05000757,West Heywood,E08000005,Rochdale,E12000002,North West,E92000001,England
E05000758,West Middleton,E08000005,Rochdale,E12000002,North West,E92000001,England
E05000759,Barton,E08000006,Salford,E12000002,North West,E92000001,England
E05000760,Boothstown and Ellenbrook,E08000006,Salford,E12000002,North West,E92000001,England
E05000761,Broughton,E08000006,Salford,E12000002,North West,E92000001,England
E05000762,Cadishead,E08000006,Salford,E12000002,North West,E92000001,England
E05000763,Claremont,E08000006,Salford,E12000002,North West,E92000001,England
E05000764,Eccles,E08000006,Salford,E12000002,North West,E92000001,England
E05000765,Irlam,E08000006,Salford,E12000002,North West,E92000001,England
E05000766,Irwell Riverside,E08000006,Salford,E12000002,North West,E92000001,England
E05000767,Kersal,E08000006,Salford,E12000002,North West,E92000001,England
E05000768,Langworthy,E08000006,Salford,E12000002,North West,E92000001,England
E05000769,Little Hulton,E08000006,Salford,E12000002,North West,E92000001,England
E05000770,Ordsall,E08000006,Salford,E12000002,North West,E92000001,England
E05000771,Pendlebury,E08000006,Salford,E12000002,North West,E92000001,England
E05000772,Swinton North,E08000006,Salford,E12000002,North West,E92000001,England
E05000773,Swinton South,E08000006,Salford,E12000002,North West,E92000001,England
E05000774,Walkden North,E08000006,Salford,E12000002,North West,E92000001,England
E05000775,Walkden South,E08000006,Salford,E12000002,North West,E92000001,England
E05000776,Weaste and Seedley,E08000006,Salford,E12000002,North West,E92000001,England
E05000777,Winton,E08000006,Salford,E12000002,North West,E92000001,England
E05000778,Worsley,E08000006,Salford,E12000002,North West,E92000001,England
E05000779,Bramhall North,E08000007,Stockport,E12000002,North West,E92000001,England
E05000780,Bramhall South and Woodford,E08000007,Stockport,E12000002,North West,E92000001,England
E05000781,Bredbury and Woodley,E08000007,Stockport,E12000002,North West,E92000001,England
E05000782,Bredbury Green and Romiley,E08000007,Stockport,E12000002,North West,E92000001,England
E05000783,Brinnington and Central,E08000007,Stockport,E12000002,North West,E92000001,England
E05000784,Cheadle and Gatley,E08000007,Stockport,E12000002,North West,E92000001,England
E05000785,Cheadle Hulme North,E08000007,Stockport,E12000002,North West,E92000001,England
E05000786,Cheadle Hulme South,E08000007,Stockport,E12000002,North West,E92000001,England
E05000787,Davenport and Cale Green,E08000007,Stockport,E12000002,North West,E92000001,England
E05000788,Edgeley and Cheadle Heath,E08000007,Stockport,E12000002,North West,E92000001,England
E05000789,Hazel Grove,E08000007,Stockport,E12000002,North West,E92000001,England
E05000790,Heald Green,E08000007,Stockport,E12000002,North West,E92000001,England
E05000791,Heatons North,E08000007,Stockport,E12000002,North West,E92000001,England
E05000792,Heatons South,E08000007,Stockport,E12000002,North West,E92000001,England
E05000793,Manor,E08000007,Stockport,E12000002,North West,E92000001,England
E05000794,Marple North,E08000007,Stockport,E12000002,North West,E92000001,England
E05000795,Marple South and High Lane,E08000007,Stockport,E12000002,North West,E92000001,England
E05000796,Offerton,E08000007,Stockport,E12000002,North West,E92000001,England
E05000797,Reddish North,E08000007,Stockport,E12000002,North West,E92000001,England
E05000798,Reddish South,E08000007,Stockport,E12000002,North West,E92000001,England
E05000799,Stepping Hill,E08000007,Stockport,E12000002,North West,E92000001,England
E05000800,Ashton Hurst,E08000008,Tameside,E12000002,North West,E92000001,England
E05000801,Ashton St Michael's,E08000008,Tameside,E12000002,North West,E92000001,England
E05000802,Ashton Waterloo,E08000008,Tameside,E12000002,North West,E92000001,England
E05000803,Audenshaw,E08000008,Tameside,E12000002,North West,E92000001,England
E05000804,Denton North East,E08000008,Tameside,E12000002,North West,E92000001,England
E05000805,Denton South,E08000008,Tameside,E12000002,North West,E92000001,England
E05000806,Denton West,E08000008,Tameside,E12000002,North West,E92000001,England
E05000807,Droylsden East,E08000008,Tameside,E12000002,North West,E92000001,England
E05000808,Droylsden West,E08000008,Tameside,E12000002,North West,E92000001,England
E05000809,Dukinfield,E08000008,Tameside,E12000002,North West,E92000001,England
E05000810,Dukinfield Stalybridge,E08000008,Tameside,E12000002,North West,E92000001,England
E05000811,Hyde Godley,E08000008,Tameside,E12000002,North West,E92000001,England
E05000812,Hyde Newton,E08000008,Tameside,E12000002,North West,E92000001,England
E05000813,Hyde Werneth,E08000008,Tameside,E12000002,North West,E92000001,England
E05000814,Longdendale,E08000008,Tameside,E12000002,North West,E92000001,England
E05000815,Mossley,E08000008,Tameside,E12000002,North West,E92000001,England
E05000816,St Peter's,E08000008,Tameside,E12000002,North West,E92000001,England
E05000817,Stalybridge North,E08000008,Tameside,E12000002,North West,E92000001,England
E05000818,Stalybridge South,E08000008,Tameside,E12000002,North West,E92000001,England
E05000819,Altrincham,E08000009,Trafford,E12000002,North West,E92000001,England
E05000820,Ashton upon Mersey,E08000009,Trafford,E12000002,North West,E92000001,England
E05000821,Bowdon,E08000009,Trafford,E12000002,North West,E92000001,England
E05000822,Broadheath,E08000009,Trafford,E12000002,North West,E92000001,England
E05000823,Brooklands,E08000009,Trafford,E12000002,North West,E92000001,England
E05000824,Bucklow-St Martins,E08000009,Trafford,E12000002,North West,E92000001,England
E05000825,Clifford,E08000009,Trafford,E12000002,North West,E92000001,England
E05000826,Davyhulme East,E08000009,Trafford,E12000002,North West,E92000001,England
E05000827,Davyhulme West,E08000009,Trafford,E12000002,North West,E92000001,England
E05000828,Flixton,E08000009,Trafford,E12000002,North West,E92000001,England
E05000829,Gorse Hill,E08000009,Trafford,E12000002,North West,E92000001,England
E05000830,Hale Barns,E08000009,Trafford,E12000002,North West,E92000001,England
E05000831,Hale Central,E08000009,Trafford,E12000002,North West,E92000001,England
E05000832,Longford,E08000009,Trafford,E12000002,North West,E92000001,England
E05000833,Priory,E08000009,Trafford,E12000002,North West,E92000001,England
E05000834,St Mary's,E08000009,Trafford,E12000002,North West,E92000001,England
E05000835,Sale Moor,E08000009,Trafford,E12000002,North West,E92000001,England
E05000836,Stretford,E08000009,Trafford,E12000002,North West,E92000001,England
E05000837,Timperley,E08000009,Trafford,E12000002,North West,E92000001,England
E05000838,Urmston,E08000009,Trafford,E12000002,North West,E92000001,England
E05000839,Village,E08000009,Trafford,E12000002,North West,E92000001,England
E05000840,Abram,E08000010,Wigan,E12000002,North West,E92000001,England
E05000841,Ashton,E08000010,Wigan,E12000002,North West,E92000001,England
E05000842,Aspull New Springs Whelley,E08000010,Wigan,E12000002,North West,E92000001,England
E05000843,Astley Mosley Common,E08000010,Wigan,E12000002,North West,E92000001,England
E05000844,Atherleigh,E08000010,Wigan,E12000002,North West,E92000001,England
E05000845,Atherton,E08000010,Wigan,E12000002,North West,E92000001,England
E05000846,Bryn,E08000010,Wigan,E12000002,North West,E92000001,England
E05000847,Douglas,E08000010,Wigan,E12000002,North West,E92000001,England
E05000848,Golborne and Lowton West,E08000010,Wigan,E12000002,North West,E92000001,England
E05000849,Hindley,E08000010,Wigan,E12000002,North West,E92000001,England
E05000850,Hindley Green,E08000010,Wigan,E12000002,North West,E92000001,England
E05000851,Ince,E08000010,Wigan,E12000002,North West,E92000001,England
E05000852,Leigh East,E08000010,Wigan,E12000002,North West,E92000001,England
E05000853,Leigh South,E08000010,Wigan,E12000002,North West,E92000001,England
E05000854,Leigh West,E08000010,Wigan,E12000002,North West,E92000001,England
E05000855,Lowton East,E08000010,Wigan,E12000002,North West,E92000001,England
E05000856,Orrell,E08000010,Wigan,E12000002,North West,E92000001,England
E05000857,Pemberton,E08000010,Wigan,E12000002,North West,E92000001,England
E05000858,Shevington with Lower Ground,E08000010,Wigan,E12000002,North West,E92000001,England
E05000859,Standish with Langtree,E08000010,Wigan,E12000002,North West,E92000001,England
E05000860,Tyldesley,E08000010,Wigan,E12000002,North West,E92000001,England
E05000861,Wigan Central,E08000010,Wigan,E12000002,North West,E92000001,England
E05000862,Wigan West,E08000010,Wigan,E12000002,North West,E92000001,England
E05000863,Winstanley,E08000010,Wigan,E12000002,North West,E92000001,England
E05000864,Worsley Mesnes,E08000010,Wigan,E12000002,North West,E92000001,England
E05000886,Allerton and Hunts Cross,E08000012,Liverpool,E12000002,North West,E92000001,England
E05000887,Anfield,E08000012,Liverpool,E12000002,North West,E92000001,England
E05000888,Belle Vale,E08000012,Liverpool,E12000002,North West,E92000001,England
E05000889,Central,E08000012,Liverpool,E12000002,North West,E92000001,England
E05000890,Childwall,E08000012,Liverpool,E12000002,North West,E92000001,England
E05000891,Church,E08000012,Liverpool,E12000002,North West,E92000001,England
E05000892,Clubmoor,E08000012,Liverpool,E12000002,North West,E92000001,England
E05000893,County,E08000012,Liverpool,E12000002,North West,E92000001,England
E05000894,Cressington,E08000012,Liverpool,E12000002,North West,E92000001,England
E05000895,Croxteth,E08000012,Liverpool,E12000002,North West,E92000001,England
E05000896,Everton,E08000012,Liverpool,E12000002,North West,E92000001,England
E05000897,Fazakerley,E08000012,Liverpool,E12000002,North West,E92000001,England
E05000898,Greenbank,E08000012,Liverpool,E12000002,North West,E92000001,England
E05000899,Kensington and Fairfield,E08000012,Liverpool,E12000002,North West,E92000001,England
E05000900,Kirkdale,E08000012,Liverpool,E12000002,North West,E92000001,England
E05000901,Knotty Ash,E08000012,Liverpool,E12000002,North West,E92000001,England
E05000902,Mossley Hill,E08000012,Liverpool,E12000002,North West,E92000001,England
E05000903,Norris Green,E08000012,Liverpool,E12000002,North West,E92000001,England
E05000904,Old Swan,E08000012,Liverpool,E12000002,North West,E92000001,England
E05000905,Picton,E08000012,Liverpool,E12000002,North West,E92000001,England
E05000906,Princes Park,E08000012,Liverpool,E12000002,North West,E92000001,England
E05000907,Riverside,E08000012,Liverpool,E12000002,North West,E92000001,England
E05000908,St Michael's,E08000012,Liverpool,E12000002,North West,E92000001,England
E05000909,Speke-Garston,E08000012,Liverpool,E12000002,North West,E92000001,England
E05000910,Tuebrook and Stoneycroft,E08000012,Liverpool,E12000002,North West,E92000001,England
E05000911,Warbreck,E08000012,Liverpool,E12000002,North West,E92000001,England
E05000912,Wavertree,E08000012,Liverpool,E12000002,North West,E92000001,England
E05000913,West Derby,E08000012,Liverpool,E12000002,North West,E92000001,England
E05000914,Woolton,E08000012,Liverpool,E12000002,North West,E92000001,England
E05000915,Yew Tree,E08000012,Liverpool,E12000002,North West,E92000001,England
E05000916,Billinge and Seneley Green,E08000013,St. Helens,E12000002,North West,E92000001,England
E05000917,Blackbrook,E08000013,St. Helens,E12000002,North West,E92000001,England
E05000918,Bold,E08000013,St. Helens,E12000002,North West,E92000001,England
E05000919,Earlestown,E08000013,St. Helens,E12000002,North West,E92000001,England
E05000920,Eccleston,E08000013,St. Helens,E12000002,North West,E92000001,England
E05000921,Haydock,E08000013,St. Helens,E12000002,North West,E92000001,England
E05000922,Moss Bank,E08000013,St. Helens,E12000002,North West,E92000001,England
E05000923,Newton,E08000013,St. Helens,E12000002,North West,E92000001,England
E05000924,Parr,E08000013,St. Helens,E12000002,North West,E92000001,England
E05000925,Rainford,E08000013,St. Helens,E12000002,North West,E92000001,England
E05000926,Rainhill,E08000013,St. Helens,E12000002,North West,E92000001,England
E05000927,Sutton,E08000013,St. Helens,E12000002,North West,E92000001,England
E05000928,Thatto Heath,E08000013,St. Helens,E12000002,North West,E92000001,England
E05000929,Town Centre,E08000013,St. Helens,E12000002,North West,E92000001,England
E05000930,West Park,E08000013,St. Helens,E12000002,North West,E92000001,England
E05000931,Windle,E08000013,St. Helens,E12000002,North West,E92000001,England
E05000932,Ainsdale,E08000014,Sefton,E12000002,North West,E92000001,England
E05000933,Birkdale,E08000014,Sefton,E12000002,North West,E92000001,England
E05000934,Blundellsands,E08000014,Sefton,E12000002,North West,E92000001,England
E05000935,Cambridge,E08000014,Sefton,E12000002,North West,E92000001,England
E05000936,Church,E08000014,Sefton,E12000002,North West,E92000001,England
E05000937,Derby,E08000014,Sefton,E12000002,North West,E92000001,England
E05000938,Duke's,E08000014,Sefton,E12000002,North West,E92000001,England
E05000939,Ford,E08000014,Sefton,E12000002,North West,E92000001,England
E05000940,Harington,E08000014,Sefton,E12000002,North West,E92000001,England
E05000941,Kew,E08000014,Sefton,E12000002,North West,E92000001,England
E05000942,Linacre,E08000014,Sefton,E12000002,North West,E92000001,England
E05000943,Litherland,E08000014,Sefton,E12000002,North West,E92000001,England
E05000944,Manor,E08000014,Sefton,E12000002,North West,E92000001,England
E05000945,Meols,E08000014,Sefton,E12000002,North West,E92000001,England
E05000946,Molyneux,E08000014,Sefton,E12000002,North West,E92000001,England
E05000947,Netherton and Orrell,E08000014,Sefton,E12000002,North West,E92000001,England
E05000948,Norwood,E08000014,Sefton,E12000002,North West,E92000001,England
E05000949,Park,E08000014,Sefton,E12000002,North West,E92000001,England
E05000950,Ravenmeols,E08000014,Sefton,E12000002,North West,E92000001,England
E05000951,St Oswald,E08000014,Sefton,E12000002,North West,E92000001,England
E05000952,Sudell,E08000014,Sefton,E12000002,North West,E92000001,England
E05000953,Victoria,E08000014,Sefton,E12000002,North West,E92000001,England
E05000954,Bebington,E08000015,Wirral,E12000002,North West,E92000001,England
E05000955,Bidston and St James,E08000015,Wirral,E12000002,North West,E92000001,England
E05000956,Birkenhead and Tranmere,E08000015,Wirral,E12000002,North West,E92000001,England
E05000957,Bromborough,E08000015,Wirral,E12000002,North West,E92000001,England
E05000958,Clatterbridge,E08000015,Wirral,E12000002,North West,E92000001,England
E05000959,Claughton,E08000015,Wirral,E12000002,North West,E92000001,England
E05000960,Eastham,E08000015,Wirral,E12000002,North West,E92000001,England
E05000961,"Greasby, Frankby and Irby",E08000015,Wirral,E12000002,North West,E92000001,England
E05000962,Heswall,E08000015,Wirral,E12000002,North West,E92000001,England
E05000963,Hoylake and Meols,E08000015,Wirral,E12000002,North West,E92000001,England
E05000964,Leasowe and Moreton East,E08000015,Wirral,E12000002,North West,E92000001,England
E05000965,Liscard,E08000015,Wirral,E12000002,North West,E92000001,England
E05000966,Moreton West and Saughall Massie,E08000015,Wirral,E12000002,North West,E92000001,England
E05000967,New Brighton,E08000015,Wirral,E12000002,North West,E92000001,England
E05000968,Oxton,E08000015,Wirral,E12000002,North West,E92000001,England
E05000969,Pensby and Thingwall,E08000015,Wirral,E12000002,North West,E92000001,England
E05000970,Prenton,E08000015,Wirral,E12000002,North West,E92000001,England
E05000971,Rock Ferry,E08000015,Wirral,E12000002,North West,E92000001,England
E05000972,Seacombe,E08000015,Wirral,E12000002,North West,E92000001,England
E05000973,Upton,E08000015,Wirral,E12000002,North West,E92000001,England
E05000974,Wallasey,E08000015,Wirral,E12000002,North West,E92000001,England
E05000975,West Kirby and Thurstaston,E08000015,Wirral,E12000002,North West,E92000001,England
E05000976,Central,E08000016,Barnsley,E12000003,Yorkshire and The Humber,E92000001,England
E05000977,Cudworth,E08000016,Barnsley,E12000003,Yorkshire and The Humber,E92000001,England
E05000978,Darfield,E08000016,Barnsley,E12000003,Yorkshire and The Humber,E92000001,England
E05000979,Darton East,E08000016,Barnsley,E12000003,Yorkshire and The Humber,E92000001,England
E05000980,Darton West,E08000016,Barnsley,E12000003,Yorkshire and The Humber,E92000001,England
E05000981,Dearne North,E08000016,Barnsley,E12000003,Yorkshire and The Humber,E92000001,England
E05000982,Dearne South,E08000016,Barnsley,E12000003,Yorkshire and The Humber,E92000001,England
E05000983,Dodworth,E08000016,Barnsley,E12000003,Yorkshire and The Humber,E92000001,England
E05000984,Hoyland Milton,E08000016,Barnsley,E12000003,Yorkshire and The Humber,E92000001,England
E05000985,Kingstone,E08000016,Barnsley,E12000003,Yorkshire and The Humber,E92000001,England
E05000986,Monk Bretton,E08000016,Barnsley,E12000003,Yorkshire and The Humber,E92000001,England
E05000987,North East,E08000016,Barnsley,E12000003,Yorkshire and The Humber,E92000001,England
E05000988,Old Town,E08000016,Barnsley,E12000003,Yorkshire and The Humber,E92000001,England
E05000989,Penistone East,E08000016,Barnsley,E12000003,Yorkshire and The Humber,E92000001,England
E05000990,Penistone West,E08000016,Barnsley,E12000003,Yorkshire and The Humber,E92000001,England
E05000991,Rockingham,E08000016,Barnsley,E12000003,Yorkshire and The Humber,E92000001,England
E05000992,Royston,E08000016,Barnsley,E12000003,Yorkshire and The Humber,E92000001,England
E05000993,St Helens,E08000016,Barnsley,E12000003,Yorkshire and The Humber,E92000001,England
E05000994,Stairfoot,E08000016,Barnsley,E12000003,Yorkshire and The Humber,E92000001,England
E05000995,Wombwell,E08000016,Barnsley,E12000003,Yorkshire and The Humber,E92000001,England
E05000996,Worsbrough,E08000016,Barnsley,E12000003,Yorkshire and The Humber,E92000001,England
E05001019,Boston Castle,E08000018,Rotherham,E12000003,Yorkshire and The Humber,E92000001,England
E05001020,Brinsworth and Catcliffe,E08000018,Rotherham,E12000003,Yorkshire and The Humber,E92000001,England
E05001022,Hellaby,E08000018,Rotherham,E12000003,Yorkshire and The Humber,E92000001,England
E05001023,Holderness,E08000018,Rotherham,E12000003,Yorkshire and The Humber,E92000001,England
E05001024,Hoober,E08000018,Rotherham,E12000003,Yorkshire and The Humber,E92000001,England
E05001025,Keppel,E08000018,Rotherham,E12000003,Yorkshire and The Humber,E92000001,England
E05001026,Maltby,E08000018,Rotherham,E12000003,Yorkshire and The Humber,E92000001,England
E05001027,Rawmarsh,E08000018,Rotherham,E12000003,Yorkshire and The Humber,E92000001,England
E05001028,Rother Vale,E08000018,Rotherham,E12000003,Yorkshire and The Humber,E92000001,England
E05001029,Rotherham East,E08000018,Rotherham,E12000003,Yorkshire and The Humber,E92000001,England
E05001030,Rotherham West,E08000018,Rotherham,E12000003,Yorkshire and The Humber,E92000001,England
E05001031,Silverwood,E08000018,Rotherham,E12000003,Yorkshire and The Humber,E92000001,England
E05001032,Sitwell,E08000018,Rotherham,E12000003,Yorkshire and The Humber,E92000001,England
E05001033,Swinton,E08000018,Rotherham,E12000003,Yorkshire and The Humber,E92000001,England
E05001034,Valley,E08000018,Rotherham,E12000003,Yorkshire and The Humber,E92000001,England
E05001035,Wales,E08000018,Rotherham,E12000003,Yorkshire and The Humber,E92000001,England
E05001036,Wath,E08000018,Rotherham,E12000003,Yorkshire and The Humber,E92000001,England
E05001037,Wickersley,E08000018,Rotherham,E12000003,Yorkshire and The Humber,E92000001,England
E05001038,Wingfield,E08000018,Rotherham,E12000003,Yorkshire and The Humber,E92000001,England
E05001067,Birtley,E08000037,Gateshead,E12000001,North East,E92000001,England
E05001068,Blaydon,E08000037,Gateshead,E12000001,North East,E92000001,England
E05001069,Bridges,E08000037,Gateshead,E12000001,North East,E92000001,England
E05001071,Chowdene,E08000037,Gateshead,E12000001,North East,E92000001,England
E05001072,Crawcrook and Greenside,E08000037,Gateshead,E12000001,North East,E92000001,England
E05001073,Deckham,E08000037,Gateshead,E12000001,North East,E92000001,England
E05001074,Dunston and Teams,E08000037,Gateshead,E12000001,North East,E92000001,England
E05001075,Dunston Hill and Whickham East,E08000037,Gateshead,E12000001,North East,E92000001,England
E05001076,Felling,E08000037,Gateshead,E12000001,North East,E92000001,England
E05001077,High Fell,E08000037,Gateshead,E12000001,North East,E92000001,England
E05001078,Lamesley,E08000037,Gateshead,E12000001,North East,E92000001,England
E05001079,Lobley Hill and Bensham,E08000037,Gateshead,E12000001,North East,E92000001,England
E05001080,Low Fell,E08000037,Gateshead,E12000001,North East,E92000001,England
E05001081,Pelaw and Heworth,E08000037,Gateshead,E12000001,North East,E92000001,England
E05001082,"Ryton, Crookhill and Stella",E08000037,Gateshead,E12000001,North East,E92000001,England
E05001083,Saltwell,E08000037,Gateshead,E12000001,North East,E92000001,England
E05001084,Wardley and Leam Lane,E08000037,Gateshead,E12000001,North East,E92000001,England
E05001085,Whickham North,E08000037,Gateshead,E12000001,North East,E92000001,England
E05001086,Whickham South and Sunniside,E08000037,Gateshead,E12000001,North East,E92000001,England
E05001087,Windy Nook and Whitehills,E08000037,Gateshead,E12000001,North East,E92000001,England
E05001088,Winlaton and High Spen,E08000037,Gateshead,E12000001,North East,E92000001,England
E05001115,Battle Hill,E08000022,North Tyneside,E12000001,North East,E92000001,England
E05001116,Benton,E08000022,North Tyneside,E12000001,North East,E92000001,England
E05001117,Camperdown,E08000022,North Tyneside,E12000001,North East,E92000001,England
E05001118,Chirton,E08000022,North Tyneside,E12000001,North East,E92000001,England
E05001119,Collingwood,E08000022,North Tyneside,E12000001,North East,E92000001,England
E05001120,Cullercoats,E08000022,North Tyneside,E12000001,North East,E92000001,England
E05001121,Howdon,E08000022,North Tyneside,E12000001,North East,E92000001,England
E05001122,Killingworth,E08000022,North Tyneside,E12000001,North East,E92000001,England
E05001123,Longbenton,E08000022,North Tyneside,E12000001,North East,E92000001,England
E05001124,Monkseaton North,E08000022,North Tyneside,E12000001,North East,E92000001,England
E05001125,Monkseaton South,E08000022,North Tyneside,E12000001,North East,E92000001,England
E05001126,Northumberland,E08000022,North Tyneside,E12000001,North East,E92000001,England
E05001127,Preston,E08000022,North Tyneside,E12000001,North East,E92000001,England
E05001128,Riverside,E08000022,North Tyneside,E12000001,North East,E92000001,England
E05001129,St Mary's,E08000022,North Tyneside,E12000001,North East,E92000001,England
E05001130,Tynemouth,E08000022,North Tyneside,E12000001,North East,E92000001,England
E05001131,Valley,E08000022,North Tyneside,E12000001,North East,E92000001,England
E05001132,Wallsend,E08000022,North Tyneside,E12000001,North East,E92000001,England
E05001133,Weetslade,E08000022,North Tyneside,E12000001,North East,E92000001,England
E05001134,Whitley Bay,E08000022,North Tyneside,E12000001,North East,E92000001,England
E05001135,Beacon and Bents,E08000023,South Tyneside,E12000001,North East,E92000001,England
E05001136,Bede,E08000023,South Tyneside,E12000001,North East,E92000001,England
E05001137,Biddick and All Saints,E08000023,South Tyneside,E12000001,North East,E92000001,England
E05001138,Boldon Colliery,E08000023,South Tyneside,E12000001,North East,E92000001,England
E05001139,Cleadon and East Boldon,E08000023,South Tyneside,E12000001,North East,E92000001,England
E05001140,Cleadon Park,E08000023,South Tyneside,E12000001,North East,E92000001,England
E05001141,Fellgate and Hedworth,E08000023,South Tyneside,E12000001,North East,E92000001,England
E05001142,Harton,E08000023,South Tyneside,E12000001,North East,E92000001,England
E05001143,Hebburn North,E08000023,South Tyneside,E12000001,North East,E92000001,England
E05001144,Hebburn South,E08000023,South Tyneside,E12000001,North East,E92000001,England
E05001145,Horsley Hill,E08000023,South Tyneside,E12000001,North East,E92000001,England
E05001146,Monkton,E08000023,South Tyneside,E12000001,North East,E92000001,England
E05001147,Primrose,E08000023,South Tyneside,E12000001,North East,E92000001,England
E05001148,Simonside and Rekendyke,E08000023,South Tyneside,E12000001,North East,E92000001,England
E05001149,Westoe,E08000023,South Tyneside,E12000001,North East,E92000001,England
E05001150,West Park,E08000023,South Tyneside,E12000001,North East,E92000001,England
E05001151,Whitburn and Marsden,E08000023,South Tyneside,E12000001,North East,E92000001,England
E05001152,Whiteleas,E08000023,South Tyneside,E12000001,North East,E92000001,England
E05001153,Barnes,E08000024,Sunderland,E12000001,North East,E92000001,England
E05001154,Castle,E08000024,Sunderland,E12000001,North East,E92000001,England
E05001155,Copt Hill,E08000024,Sunderland,E12000001,North East,E92000001,England
E05001156,Doxford,E08000024,Sunderland,E12000001,North East,E92000001,England
E05001157,Fulwell,E08000024,Sunderland,E12000001,North East,E92000001,England
E05001158,Hendon,E08000024,Sunderland,E12000001,North East,E92000001,England
E05001159,Hetton,E08000024,Sunderland,E12000001,North East,E92000001,England
E05001160,Houghton,E08000024,Sunderland,E12000001,North East,E92000001,England
E05001161,Millfield,E08000024,Sunderland,E12000001,North East,E92000001,England
E05001162,Pallion,E08000024,Sunderland,E12000001,North East,E92000001,England
E05001163,Redhill,E08000024,Sunderland,E12000001,North East,E92000001,England
E05001164,Ryhope,E08000024,Sunderland,E12000001,North East,E92000001,England
E05001165,St Anne's,E08000024,Sunderland,E12000001,North East,E92000001,England
E05001166,St Chad's,E08000024,Sunderland,E12000001,North East,E92000001,England
E05001167,St Michael's,E08000024,Sunderland,E12000001,North East,E92000001,England
E05001168,St Peter's,E08000024,Sunderland,E12000001,North East,E92000001,England
E05001169,Sandhill,E08000024,Sunderland,E12000001,North East,E92000001,England
E05001170,Shiney Row,E08000024,Sunderland,E12000001,North East,E92000001,England
E05001171,Silksworth,E08000024,Sunderland,E12000001,North East,E92000001,England
E05001172,Southwick,E08000024,Sunderland,E12000001,North East,E92000001,England
E05001173,Washington Central,E08000024,Sunderland,E12000001,North East,E92000001,England
E05001174,Washington East,E08000024,Sunderland,E12000001,North East,E92000001,England
E05001175,Washington North,E08000024,Sunderland,E12000001,North East,E92000001,England
E05001176,Washington South,E08000024,Sunderland,E12000001,North East,E92000001,England
E05001177,Washington West,E08000024,Sunderland,E12000001,North East,E92000001,England
E05001218,Bablake,E08000026,Coventry,E12000005,West Midlands,E92000001,England
E05001219,Binley and Willenhall,E08000026,Coventry,E12000005,West Midlands,E92000001,England
E05001220,Cheylesmore,E08000026,Coventry,E12000005,West Midlands,E92000001,England
E05001221,Earlsdon,E08000026,Coventry,E12000005,West Midlands,E92000001,England
E05001222,Foleshill,E08000026,Coventry,E12000005,West Midlands,E92000001,England
E05001223,Henley,E08000026,Coventry,E12000005,West Midlands,E92000001,England
E05001224,Holbrook,E08000026,Coventry,E12000005,West Midlands,E92000001,England
E05001225,Longford,E08000026,Coventry,E12000005,West Midlands,E92000001,England
E05001226,Lower Stoke,E08000026,Coventry,E12000005,West Midlands,E92000001,England
E05001227,Radford,E08000026,Coventry,E12000005,West Midlands,E92000001,England
E05001228,St Michael's,E08000026,Coventry,E12000005,West Midlands,E92000001,England
E05001229,Sherbourne,E08000026,Coventry,E12000005,West Midlands,E92000001,England
E05001230,Upper Stoke,E08000026,Coventry,E12000005,West Midlands,E92000001,England
E05001231,Wainbody,E08000026,Coventry,E12000005,West Midlands,E92000001,England
E05001232,Westwood,E08000026,Coventry,E12000005,West Midlands,E92000001,England
E05001233,Whoberley,E08000026,Coventry,E12000005,West Midlands,E92000001,England
E05001234,Woodlands,E08000026,Coventry,E12000005,West Midlands,E92000001,England
E05001235,Wyken,E08000026,Coventry,E12000005,West Midlands,E92000001,England
E05001236,Amblecote,E08000027,Dudley,E12000005,West Midlands,E92000001,England
E05001237,Belle Vale,E08000027,Dudley,E12000005,West Midlands,E92000001,England
E05001238,Brierley Hill,E08000027,Dudley,E12000005,West Midlands,E92000001,England
E05001239,Brockmoor and Pensnett,E08000027,Dudley,E12000005,West Midlands,E92000001,England
E05001240,Castle and Priory,E08000027,Dudley,E12000005,West Midlands,E92000001,England
E05001241,Coseley East,E08000027,Dudley,E12000005,West Midlands,E92000001,England
E05001242,Cradley and Wollescote,E08000027,Dudley,E12000005,West Midlands,E92000001,England
E05001243,Gornal,E08000027,Dudley,E12000005,West Midlands,E92000001,England
E05001244,Halesowen North,E08000027,Dudley,E12000005,West Midlands,E92000001,England
E05001245,Halesowen South,E08000027,Dudley,E12000005,West Midlands,E92000001,England
E05001246,Hayley Green and Cradley South,E08000027,Dudley,E12000005,West Midlands,E92000001,England
E05001247,Kingswinford North and Wall Heath,E08000027,Dudley,E12000005,West Midlands,E92000001,England
E05001248,Kingswinford South,E08000027,Dudley,E12000005,West Midlands,E92000001,England
E05001249,Lye and Stourbridge North,E08000027,Dudley,E12000005,West Midlands,E92000001,England
E05001250,"Netherton, Woodside and St Andrews",E08000027,Dudley,E12000005,West Midlands,E92000001,England
E05001251,Norton,E08000027,Dudley,E12000005,West Midlands,E92000001,England
E05001252,Pedmore and Stourbridge East,E08000027,Dudley,E12000005,West Midlands,E92000001,England
E05001253,Quarry Bank and Dudley Wood,E08000027,Dudley,E12000005,West Midlands,E92000001,England
E05001254,St James's,E08000027,Dudley,E12000005,West Midlands,E92000001,England
E05001255,St Thomas's,E08000027,Dudley,E12000005,West Midlands,E92000001,England
E05001256,Sedgley,E08000027,Dudley,E12000005,West Midlands,E92000001,England
E05001257,Upper Gornal and Woodsetton,E08000027,Dudley,E12000005,West Midlands,E92000001,England
E05001258,Wollaston and Stourbridge Town,E08000027,Dudley,E12000005,West Midlands,E92000001,England
E05001259,Wordsley,E08000027,Dudley,E12000005,West Midlands,E92000001,England
E05001260,Abbey,E08000028,Sandwell,E12000005,West Midlands,E92000001,England
E05001261,Blackheath,E08000028,Sandwell,E12000005,West Midlands,E92000001,England
E05001262,Bristnall,E08000028,Sandwell,E12000005,West Midlands,E92000001,England
E05001263,Charlemont with Grove Vale,E08000028,Sandwell,E12000005,West Midlands,E92000001,England
E05001264,Cradley Heath and Old Hill,E08000028,Sandwell,E12000005,West Midlands,E92000001,England
E05001265,Friar Park,E08000028,Sandwell,E12000005,West Midlands,E92000001,England
E05001266,Great Barr with Yew Tree,E08000028,Sandwell,E12000005,West Midlands,E92000001,England
E05001267,Great Bridge,E08000028,Sandwell,E12000005,West Midlands,E92000001,England
E05001268,Greets Green and Lyng,E08000028,Sandwell,E12000005,West Midlands,E92000001,England
E05001269,Hateley Heath,E08000028,Sandwell,E12000005,West Midlands,E92000001,England
E05001270,Langley,E08000028,Sandwell,E12000005,West Midlands,E92000001,England
E05001271,Newton,E08000028,Sandwell,E12000005,West Midlands,E92000001,England
E05001272,Old Warley,E08000028,Sandwell,E12000005,West Midlands,E92000001,England
E05001273,Oldbury,E08000028,Sandwell,E12000005,West Midlands,E92000001,England
E05001274,Princes End,E08000028,Sandwell,E12000005,West Midlands,E92000001,England
E05001275,Rowley,E08000028,Sandwell,E12000005,West Midlands,E92000001,England
E05001276,St Pauls,E08000028,Sandwell,E12000005,West Midlands,E92000001,England
E05001277,Smethwick,E08000028,Sandwell,E12000005,West Midlands,E92000001,England
E05001278,Soho and Victoria,E08000028,Sandwell,E12000005,West Midlands,E92000001,England
E05001279,Tipton Green,E08000028,Sandwell,E12000005,West Midlands,E92000001,England
E05001280,Tividale,E08000028,Sandwell,E12000005,West Midlands,E92000001,England
E05001281,Wednesbury North,E08000028,Sandwell,E12000005,West Midlands,E92000001,England
E05001282,Wednesbury South,E08000028,Sandwell,E12000005,West Midlands,E92000001,England
E05001283,West Bromwich Central,E08000028,Sandwell,E12000005,West Midlands,E92000001,England
E05001284,Bickenhill,E08000029,Solihull,E12000005,West Midlands,E92000001,England
E05001285,Blythe,E08000029,Solihull,E12000005,West Midlands,E92000001,England
E05001286,Castle Bromwich,E08000029,Solihull,E12000005,West Midlands,E92000001,England
E05001287,Chelmsley Wood,E08000029,Solihull,E12000005,West Midlands,E92000001,England
E05001288,Dorridge and Hockley Heath,E08000029,Solihull,E12000005,West Midlands,E92000001,England
E05001289,Elmdon,E08000029,Solihull,E12000005,West Midlands,E92000001,England
E05001290,Kingshurst and Fordbridge,E08000029,Solihull,E12000005,West Midlands,E92000001,England
E05001291,Knowle,E08000029,Solihull,E12000005,West Midlands,E92000001,England
E05001292,Lyndon,E08000029,Solihull,E12000005,West Midlands,E92000001,England
E05001293,Meriden,E08000029,Solihull,E12000005,West Midlands,E92000001,England
E05001294,Olton,E08000029,Solihull,E12000005,West Midlands,E92000001,England
E05001295,St Alphege,E08000029,Solihull,E12000005,West Midlands,E92000001,England
E05001296,Shirley East,E08000029,Solihull,E12000005,West Midlands,E92000001,England
E05001297,Shirley South,E08000029,Solihull,E12000005,West Midlands,E92000001,England
E05001298,Shirley West,E08000029,Solihull,E12000005,West Midlands,E92000001,England
E05001299,Silhill,E08000029,Solihull,E12000005,West Midlands,E92000001,England
E05001300,Smith's Wood,E08000029,Solihull,E12000005,West Midlands,E92000001,England
E05001301,Aldridge Central and South,E08000030,Walsall,E12000005,West Midlands,E92000001,England
E05001302,Aldridge North and Walsall Wood,E08000030,Walsall,E12000005,West Midlands,E92000001,England
E05001303,Bentley and Darlaston North,E08000030,Walsall,E12000005,West Midlands,E92000001,England
E05001304,Birchills Leamore,E08000030,Walsall,E12000005,West Midlands,E92000001,England
E05001305,Blakenall,E08000030,Walsall,E12000005,West Midlands,E92000001,England
E05001306,Bloxwich East,E08000030,Walsall,E12000005,West Midlands,E92000001,England
E05001307,Bloxwich West,E08000030,Walsall,E12000005,West Midlands,E92000001,England
E05001308,Brownhills,E08000030,Walsall,E12000005,West Midlands,E92000001,England
E05001309,Darlaston South,E08000030,Walsall,E12000005,West Midlands,E92000001,England
E05001310,Paddock,E08000030,Walsall,E12000005,West Midlands,E92000001,England
E05001311,Palfrey,E08000030,Walsall,E12000005,West Midlands,E92000001,England
E05001312,Pelsall,E08000030,Walsall,E12000005,West Midlands,E92000001,England
E05001313,Pheasey Park Farm,E08000030,Walsall,E12000005,West Midlands,E92000001,England
E05001314,Pleck,E08000030,Walsall,E12000005,West Midlands,E92000001,England
E05001315,Rushall-Shelfield,E08000030,Walsall,E12000005,West Midlands,E92000001,England
E05001316,St Matthew's,E08000030,Walsall,E12000005,West Midlands,E92000001,England
E05001317,Short Heath,E08000030,Walsall,E12000005,West Midlands,E92000001,England
E05001318,Streetly,E08000030,Walsall,E12000005,West Midlands,E92000001,England
E05001319,Willenhall North,E08000030,Walsall,E12000005,West Midlands,E92000001,England
E05001320,Willenhall South,E08000030,Walsall,E12000005,West Midlands,E92000001,England
E05001321,Bilston East,E08000031,Wolverhampton,E12000005,West Midlands,E92000001,England
E05001322,Bilston North,E08000031,Wolverhampton,E12000005,West Midlands,E92000001,England
E05001323,Blakenhall,E08000031,Wolverhampton,E12000005,West Midlands,E92000001,England
E05001324,Bushbury North,E08000031,Wolverhampton,E12000005,West Midlands,E92000001,England
E05001325,Bushbury South and Low Hill,E08000031,Wolverhampton,E12000005,West Midlands,E92000001,England
E05001326,East Park,E08000031,Wolverhampton,E12000005,West Midlands,E92000001,England
E05001327,Ettingshall,E08000031,Wolverhampton,E12000005,West Midlands,E92000001,England
E05001328,Fallings Park,E08000031,Wolverhampton,E12000005,West Midlands,E92000001,England
E05001329,Graiseley,E08000031,Wolverhampton,E12000005,West Midlands,E92000001,England
E05001330,Heath Town,E08000031,Wolverhampton,E12000005,West Midlands,E92000001,England
E05001331,Merry Hill,E08000031,Wolverhampton,E12000005,West Midlands,E92000001,England
E05001332,Oxley,E08000031,Wolverhampton,E12000005,West Midlands,E92000001,England
E05001333,Park,E08000031,Wolverhampton,E12000005,West Midlands,E92000001,England
E05001334,Penn,E08000031,Wolverhampton,E12000005,West Midlands,E92000001,England
E05001335,St Peter's,E08000031,Wolverhampton,E12000005,West Midlands,E92000001,England
E05001336,Spring Vale,E08000031,Wolverhampton,E12000005,West Midlands,E92000001,England
E05001337,Tettenhall Regis,E08000031,Wolverhampton,E12000005,West Midlands,E92000001,England
E05001338,Tettenhall Wightwick,E08000031,Wolverhampton,E12000005,West Midlands,E92000001,England
E05001339,Wednesfield North,E08000031,Wolverhampton,E12000005,West Midlands,E92000001,England
E05001340,Wednesfield South,E08000031,Wolverhampton,E12000005,West Midlands,E92000001,England
E05001341,Baildon,E08000032,Bradford,E12000003,Yorkshire and The Humber,E92000001,England
E05001342,Bingley,E08000032,Bradford,E12000003,Yorkshire and The Humber,E92000001,England
E05001343,Bingley Rural,E08000032,Bradford,E12000003,Yorkshire and The Humber,E92000001,England
E05001344,Bolton and Undercliffe,E08000032,Bradford,E12000003,Yorkshire and The Humber,E92000001,England
E05001345,Bowling and Barkerend,E08000032,Bradford,E12000003,Yorkshire and The Humber,E92000001,England
E05001346,Bradford Moor,E08000032,Bradford,E12000003,Yorkshire and The Humber,E92000001,England
E05001347,City,E08000032,Bradford,E12000003,Yorkshire and The Humber,E92000001,England
E05001348,Clayton and Fairweather Green,E08000032,Bradford,E12000003,Yorkshire and The Humber,E92000001,England
E05001349,Craven,E08000032,Bradford,E12000003,Yorkshire and The Humber,E92000001,England
E05001350,Eccleshill,E08000032,Bradford,E12000003,Yorkshire and The Humber,E92000001,England
E05001351,Great Horton,E08000032,Bradford,E12000003,Yorkshire and The Humber,E92000001,England
E05001352,Heaton,E08000032,Bradford,E12000003,Yorkshire and The Humber,E92000001,England
E05001353,Idle and Thackley,E08000032,Bradford,E12000003,Yorkshire and The Humber,E92000001,England
E05001354,Ilkley,E08000032,Bradford,E12000003,Yorkshire and The Humber,E92000001,England
E05001355,Keighley Central,E08000032,Bradford,E12000003,Yorkshire and The Humber,E92000001,England
E05001356,Keighley East,E08000032,Bradford,E12000003,Yorkshire and The Humber,E92000001,England
E05001357,Keighley West,E08000032,Bradford,E12000003,Yorkshire and The Humber,E92000001,England
E05001358,Little Horton,E08000032,Bradford,E12000003,Yorkshire and The Humber,E92000001,England
E05001359,Manningham,E08000032,Bradford,E12000003,Yorkshire and The Humber,E92000001,England
E05001360,Queensbury,E08000032,Bradford,E12000003,Yorkshire and The Humber,E92000001,England
E05001361,Royds,E08000032,Bradford,E12000003,Yorkshire and The Humber,E92000001,England
E05001362,Shipley,E08000032,Bradford,E12000003,Yorkshire and The Humber,E92000001,England
E05001363,Thornton and Allerton,E08000032,Bradford,E12000003,Yorkshire and The Humber,E92000001,England
E05001364,Toller,E08000032,Bradford,E12000003,Yorkshire and The Humber,E92000001,England
E05001365,Tong,E08000032,Bradford,E12000003,Yorkshire and The Humber,E92000001,England
E05001366,Wharfedale,E08000032,Bradford,E12000003,Yorkshire and The Humber,E92000001,England
E05001367,Wibsey,E08000032,Bradford,E12000003,Yorkshire and The Humber,E92000001,England
E05001368,Windhill and Wrose,E08000032,Bradford,E12000003,Yorkshire and The Humber,E92000001,England
E05001369,Worth Valley,E08000032,Bradford,E12000003,Yorkshire and The Humber,E92000001,England
E05001370,Wyke,E08000032,Bradford,E12000003,Yorkshire and The Humber,E92000001,England
E05001371,Brighouse,E08000033,Calderdale,E12000003,Yorkshire and The Humber,E92000001,England
E05001372,Calder,E08000033,Calderdale,E12000003,Yorkshire and The Humber,E92000001,England
E05001373,Elland,E08000033,Calderdale,E12000003,Yorkshire and The Humber,E92000001,England
E05001374,Greetland and Stainland,E08000033,Calderdale,E12000003,Yorkshire and The Humber,E92000001,England
E05001375,Hipperholme and Lightcliffe,E08000033,Calderdale,E12000003,Yorkshire and The Humber,E92000001,England
E05001376,Illingworth and Mixenden,E08000033,Calderdale,E12000003,Yorkshire and The Humber,E92000001,England
E05001377,Luddendenfoot,E08000033,Calderdale,E12000003,Yorkshire and The Humber,E92000001,England
E05001378,Northowram and Shelf,E08000033,Calderdale,E12000003,Yorkshire and The Humber,E92000001,England
E05001379,Ovenden,E08000033,Calderdale,E12000003,Yorkshire and The Humber,E92000001,England
E05001380,Park,E08000033,Calderdale,E12000003,Yorkshire and The Humber,E92000001,England
E05001381,Rastrick,E08000033,Calderdale,E12000003,Yorkshire and The Humber,E92000001,England
E05001382,Ryburn,E08000033,Calderdale,E12000003,Yorkshire and The Humber,E92000001,England
E05001383,Skircoat,E08000033,Calderdale,E12000003,Yorkshire and The Humber,E92000001,England
E05001384,Sowerby Bridge,E08000033,Calderdale,E12000003,Yorkshire and The Humber,E92000001,England
E05001385,Todmorden,E08000033,Calderdale,E12000003,Yorkshire and The Humber,E92000001,England
E05001386,Town,E08000033,Calderdale,E12000003,Yorkshire and The Humber,E92000001,England
E05001387,Warley,E08000033,Calderdale,E12000003,Yorkshire and The Humber,E92000001,England
E05001389,Ashbrow,E08000034,Kirklees,E12000003,Yorkshire and The Humber,E92000001,England
E05001390,Batley East,E08000034,Kirklees,E12000003,Yorkshire and The Humber,E92000001,England
E05001391,Batley West,E08000034,Kirklees,E12000003,Yorkshire and The Humber,E92000001,England
E05001392,Birstall and Birkenshaw,E08000034,Kirklees,E12000003,Yorkshire and The Humber,E92000001,England
E05001393,Cleckheaton,E08000034,Kirklees,E12000003,Yorkshire and The Humber,E92000001,England
E05001396,Dalton,E08000034,Kirklees,E12000003,Yorkshire and The Humber,E92000001,England
E05001397,Denby Dale,E08000034,Kirklees,E12000003,Yorkshire and The Humber,E92000001,England
E05001398,Dewsbury East,E08000034,Kirklees,E12000003,Yorkshire and The Humber,E92000001,England
E05001399,Dewsbury South,E08000034,Kirklees,E12000003,Yorkshire and The Humber,E92000001,England
E05001400,Dewsbury West,E08000034,Kirklees,E12000003,Yorkshire and The Humber,E92000001,England
E05001401,Golcar,E08000034,Kirklees,E12000003,Yorkshire and The Humber,E92000001,England
E05001402,Greenhead,E08000034,Kirklees,E12000003,Yorkshire and The Humber,E92000001,England
E05001403,Heckmondwike,E08000034,Kirklees,E12000003,Yorkshire and The Humber,E92000001,England
E05001405,Holme Valley South,E08000034,Kirklees,E12000003,Yorkshire and The Humber,E92000001,England
E05001407,Lindley,E08000034,Kirklees,E12000003,Yorkshire and The Humber,E92000001,England
E05001408,Liversedge and Gomersal,E08000034,Kirklees,E12000003,Yorkshire and The Humber,E92000001,England
E05001409,Mirfield,E08000034,Kirklees,E12000003,Yorkshire and The Humber,E92000001,England
E05001410,Newsome,E08000034,Kirklees,E12000003,Yorkshire and The Humber,E92000001,England
E05001444,"Ackworth, North Elmsall and Upton",E08000036,Wakefield,E12000003,Yorkshire and The Humber,E92000001,England
E05001445,Airedale and Ferry Fryston,E08000036,Wakefield,E12000003,Yorkshire and The Humber,E92000001,England
E05001446,Altofts and Whitwood,E08000036,Wakefield,E12000003,Yorkshire and The Humber,E92000001,England
E05001447,Castleford Central and Glasshoughton,E08000036,Wakefield,E12000003,Yorkshire and The Humber,E92000001,England
E05001448,"Crofton, Ryhill and Walton",E08000036,Wakefield,E12000003,Yorkshire and The Humber,E92000001,England
E05001449,Featherstone,E08000036,Wakefield,E12000003,Yorkshire and The Humber,E92000001,England
E05001450,Hemsworth,E08000036,Wakefield,E12000003,Yorkshire and The Humber,E92000001,England
E05001451,Horbury and South Ossett,E08000036,Wakefield,E12000003,Yorkshire and The Humber,E92000001,England
E05001452,Knottingley,E08000036,Wakefield,E12000003,Yorkshire and The Humber,E92000001,England
E05001453,Normanton,E08000036,Wakefield,E12000003,Yorkshire and The Humber,E92000001,England
E05001454,Ossett,E08000036,Wakefield,E12000003,Yorkshire and The Humber,E92000001,England
E05001455,Pontefract North,E08000036,Wakefield,E12000003,Yorkshire and The Humber,E92000001,England
E05001456,Pontefract South,E08000036,Wakefield,E12000003,Yorkshire and The Humber,E92000001,England
E05001457,South Elmsall and South Kirkby,E08000036,Wakefield,E12000003,Yorkshire and The Humber,E92000001,England
E05001458,Stanley and Outwood East,E08000036,Wakefield,E12000003,Yorkshire and The Humber,E92000001,England
E05001459,Wakefield East,E08000036,Wakefield,E12000003,Yorkshire and The Humber,E92000001,England
E05001460,Wakefield North,E08000036,Wakefield,E12000003,Yorkshire and The Humber,E92000001,England
E05001461,Wakefield Rural,E08000036,Wakefield,E12000003,Yorkshire and The Humber,E92000001,England
E05001462,Wakefield South,E08000036,Wakefield,E12000003,Yorkshire and The Humber,E92000001,England
E05001463,Wakefield West,E08000036,Wakefield,E12000003,Yorkshire and The Humber,E92000001,England
E05001464,Wrenthorpe and Outwood West,E08000036,Wakefield,E12000003,Yorkshire and The Humber,E92000001,England
E05008558,Almondbury,E08000034,Kirklees,E12000003,Yorkshire and The Humber,E92000001,England
E05008559,Colne Valley,E08000034,Kirklees,E12000003,Yorkshire and The Humber,E92000001,England
E05008560,Crosland Moor and Netherton,E08000034,Kirklees,E12000003,Yorkshire and The Humber,E92000001,England
E05008561,Holme Valley North,E08000034,Kirklees,E12000003,Yorkshire and The Humber,E92000001,England
E05008562,Kirkburton,E08000034,Kirklees,E12000003,Yorkshire and The Humber,E92000001,England
E05008935,Anston and Woodsetts,E08000018,Rotherham,E12000003,Yorkshire and The Humber,E92000001,England
E05008936,Dinnington,E08000018,Rotherham,E12000003,Yorkshire and The Humber,E92000001,England
E05009313,Chopwell and Rowlands Gill,E08000037,Gateshead,E12000001,North East,E92000001,England
E05010728,Adwick le Street & Carcroft,E08000017,Doncaster,E12000003,Yorkshire and The Humber,E92000001,England
E05010729,Armthorpe,E08000017,Doncaster,E12000003,Yorkshire and The Humber,E92000001,England
E05010730,Balby South,E08000017,Doncaster,E12000003,Yorkshire and The Humber,E92000001,England
E05010731,Bentley,E08000017,Doncaster,E12000003,Yorkshire and The Humber,E92000001,England
E05010732,Bessacarr,E08000017,Doncaster,E12000003,Yorkshire and The Humber,E92000001,England
E05010733,Conisbrough,E08000017,Doncaster,E12000003,Yorkshire and The Humber,E92000001,England
E05010734,Edenthorpe & Kirk Sandall,E08000017,Doncaster,E12000003,Yorkshire and The Humber,E92000001,England
E05010735,Edlington & Warmsworth,E08000017,Doncaster,E12000003,Yorkshire and The Humber,E92000001,England
E05010736,Finningley,E08000017,Doncaster,E12000003,Yorkshire and The Humber,E92000001,England
E05010737,Hatfield,E08000017,Doncaster,E12000003,Yorkshire and The Humber,E92000001,England
E05010738,Hexthorpe & Balby North,E08000017,Doncaster,E12000003,Yorkshire and The Humber,E92000001,England
E05010739,Mexborough,E08000017,Doncaster,E12000003,Yorkshire and The Humber,E92000001,England
E05010740,Norton & Askern,E08000017,Doncaster,E12000003,Yorkshire and The Humber,E92000001,England
E05010741,Roman Ridge,E08000017,Doncaster,E12000003,Yorkshire and The Humber,E92000001,England
E05010742,Rossington & Bawtry,E08000017,Doncaster,E12000003,Yorkshire and The Humber,E92000001,England
E05010743,Sprotbrough,E08000017,Doncaster,E12000003,Yorkshire and The Humber,E92000001,England
E05010744,Stainforth & Barnby Dun,E08000017,Doncaster,E12000003,Yorkshire and The Humber,E92000001,England
E05010745,Thorne & Moorends,E08000017,Doncaster,E12000003,Yorkshire and The Humber,E92000001,England
E05010746,Tickhill & Wadsworth,E08000017,Doncaster,E12000003,Yorkshire and The Humber,E92000001,England
E05010747,Town,E08000017,Doncaster,E12000003,Yorkshire and The Humber,E92000001,England
E05010748,Wheatley Hills & Intake,E08000017,Doncaster,E12000003,Yorkshire and The Humber,E92000001,England
E05010857,Beauchief and Greenhill,E08000019,Sheffield,E12000003,Yorkshire and The Humber,E92000001,England
E05010858,Beighton,E08000019,Sheffield,E12000003,Yorkshire and The Humber,E92000001,England
E05010859,Birley,E08000019,Sheffield,E12000003,Yorkshire and The Humber,E92000001,England
E05010860,Broomhill and Sharrow Vale,E08000019,Sheffield,E12000003,Yorkshire and The Humber,E92000001,England
E05010861,Burngreave,E08000019,Sheffield,E12000003,Yorkshire and The Humber,E92000001,England
E05010862,City,E08000019,Sheffield,E12000003,Yorkshire and The Humber,E92000001,England
E05010863,Crookes and Crosspool,E08000019,Sheffield,E12000003,Yorkshire and The Humber,E92000001,England
E05010864,Darnall,E08000019,Sheffield,E12000003,Yorkshire and The Humber,E92000001,England
E05010865,Dore and Totley,E08000019,Sheffield,E12000003,Yorkshire and The Humber,E92000001,England
E05010866,East Ecclesfield,E08000019,Sheffield,E12000003,Yorkshire and The Humber,E92000001,England
E05010867,Ecclesall,E08000019,Sheffield,E12000003,Yorkshire and The Humber,E92000001,England
E05010868,Firth Park,E08000019,Sheffield,E12000003,Yorkshire and The Humber,E92000001,England
E05010869,Fulwood,E08000019,Sheffield,E12000003,Yorkshire and The Humber,E92000001,England
E05010870,Gleadless Valley,E08000019,Sheffield,E12000003,Yorkshire and The Humber,E92000001,England
E05010871,Graves Park,E08000019,Sheffield,E12000003,Yorkshire and The Humber,E92000001,England
E05010872,Hillsborough,E08000019,Sheffield,E12000003,Yorkshire and The Humber,E92000001,England
E05010873,Manor Castle,E08000019,Sheffield,E12000003,Yorkshire and The Humber,E92000001,England
E05010874,Mosborough,E08000019,Sheffield,E12000003,Yorkshire and The Humber,E92000001,England
E05010875,Nether Edge and Sharrow,E08000019,Sheffield,E12000003,Yorkshire and The Humber,E92000001,England
E05010876,Park and Arbourthorne,E08000019,Sheffield,E12000003,Yorkshire and The Humber,E92000001,England
E05010877,Richmond,E08000019,Sheffield,E12000003,Yorkshire and The Humber,E92000001,England
E05010878,Shiregreen and Brightside,E08000019,Sheffield,E12000003,Yorkshire and The Humber,E92000001,England
E05010879,Southey,E08000019,Sheffield,E12000003,Yorkshire and The Humber,E92000001,England
E05010880,Stannington,E08000019,Sheffield,E12000003,Yorkshire and The Humber,E92000001,England
E05010881,Stocksbridge and Upper Don,E08000019,Sheffield,E12000003,Yorkshire and The Humber,E92000001,England
E05010882,Walkley,E08000019,Sheffield,E12000003,Yorkshire and The Humber,E92000001,England
E05010883,West Ecclesfield,E08000019,Sheffield,E12000003,Yorkshire and The Humber,E92000001,England
E05010884,Woodhouse,E08000019,Sheffield,E12000003,Yorkshire and The Humber,E92000001,England
E05010935,Cherryfield,E08000011,Knowsley,E12000002,North West,E92000001,England
E05010936,Halewood North,E08000011,Knowsley,E12000002,North West,E92000001,England
E05010937,Halewood South,E08000011,Knowsley,E12000002,North West,E92000001,England
E05010938,Northwood,E08000011,Knowsley,E12000002,North West,E92000001,England
E05010939,Page Moss,E08000011,Knowsley,E12000002,North West,E92000001,England
E05010940,Prescot North,E08000011,Knowsley,E12000002,North West,E92000001,England
E05010941,Prescot South,E08000011,Knowsley,E12000002,North West,E92000001,England
E05010942,Roby,E08000011,Knowsley,E12000002,North West,E92000001,England
E05010943,Shevington,E08000011,Knowsley,E12000002,North West,E92000001,England
E05010944,St Gabriels,E08000011,Knowsley,E12000002,North West,E92000001,England
E05010945,St Michaels,E08000011,Knowsley,E12000002,North West,E92000001,England
E05010946,Stockbridge,E08000011,Knowsley,E12000002,North West,E92000001,England
E05010947,Swanside,E08000011,Knowsley,E12000002,North West,E92000001,England
E05010948,Whiston and Cronton,E08000011,Knowsley,E12000002,North West,E92000001,England
E05010949,Whitefield,E08000011,Knowsley,E12000002,North West,E92000001,England
E05011118,Acocks Green,E08000025,Birmingham,E12000005,West Midlands,E92000001,England
E05011119,Allens Cross,E08000025,Birmingham,E12000005,West Midlands,E92000001,England
E05011120,Alum Rock,E08000025,Birmingham,E12000005,West Midlands,E92000001,England
E05011121,Aston,E08000025,Birmingham,E12000005,West Midlands,E92000001,England
E05011122,Balsall Heath West,E08000025,Birmingham,E12000005,West Midlands,E92000001,England
E05011123,Bartley Green,E08000025,Birmingham,E12000005,West Midlands,E92000001,England
E05011124,Billesley,E08000025,Birmingham,E12000005,West Midlands,E92000001,England
E05011125,Birchfield,E08000025,Birmingham,E12000005,West Midlands,E92000001,England
E05011126,Bordesley & Highgate,E08000025,Birmingham,E12000005,West Midlands,E92000001,England
E05011127,Bordesley Green,E08000025,Birmingham,E12000005,West Midlands,E92000001,England
E05011128,Bournbrook & Selly Park,E08000025,Birmingham,E12000005,West Midlands,E92000001,England
E05011129,Bournville & Cotteridge,E08000025,Birmingham,E12000005,West Midlands,E92000001,England
E05011130,Brandwood & King's Heath,E08000025,Birmingham,E12000005,West Midlands,E92000001,England
E05011131,Bromford & Hodge Hill,E08000025,Birmingham,E12000005,West Midlands,E92000001,England
E05011132,Castle Vale,E08000025,Birmingham,E12000005,West Midlands,E92000001,England
E05011133,Druids Heath & Monyhull,E08000025,Birmingham,E12000005,West Midlands,E92000001,England
E05011134,Edgbaston,E08000025,Birmingham,E12000005,West Midlands,E92000001,England
E05011135,Erdington,E08000025,Birmingham,E12000005,West Midlands,E92000001,England
E05011136,Frankley Great Park,E08000025,Birmingham,E12000005,West Midlands,E92000001,England
E05011137,Garretts Green,E08000025,Birmingham,E12000005,West Midlands,E92000001,England
E05011138,Glebe Farm & Tile Cross,E08000025,Birmingham,E12000005,West Midlands,E92000001,England
E05011139,Gravelly Hill,E08000025,Birmingham,E12000005,West Midlands,E92000001,England
E05011140,Hall Green North,E08000025,Birmingham,E12000005,West Midlands,E92000001,England
E05011141,Hall Green South,E08000025,Birmingham,E12000005,West Midlands,E92000001,England
E05011142,Handsworth,E08000025,Birmingham,E12000005,West Midlands,E92000001,England
E05011143,Handsworth Wood,E08000025,Birmingham,E12000005,West Midlands,E92000001,England
E05011144,Harborne,E08000025,Birmingham,E12000005,West Midlands,E92000001,England
E05011145,Heartlands,E08000025,Birmingham,E12000005,West Midlands,E92000001,England
E05011146,Highter's Heath,E08000025,Birmingham,E12000005,West Midlands,E92000001,England
E05011147,Holyhead,E08000025,Birmingham,E12000005,West Midlands,E92000001,England
E05011148,King's Norton North,E08000025,Birmingham,E12000005,West Midlands,E92000001,England
E05011149,King's Norton South,E08000025,Birmingham,E12000005,West Midlands,E92000001,England
E05011150,Kingstanding,E08000025,Birmingham,E12000005,West Midlands,E92000001,England
E05011151,Ladywood,E08000025,Birmingham,E12000005,West Midlands,E92000001,England
E05011152,Longbridge & West Heath,E08000025,Birmingham,E12000005,West Midlands,E92000001,England
E05011153,Lozells,E08000025,Birmingham,E12000005,West Midlands,E92000001,England
E05011154,Moseley,E08000025,Birmingham,E12000005,West Midlands,E92000001,England
E05011155,Nechells,E08000025,Birmingham,E12000005,West Midlands,E92000001,England
E05011156,Newtown,E08000025,Birmingham,E12000005,West Midlands,E92000001,England
E05011157,North Edgbaston,E08000025,Birmingham,E12000005,West Midlands,E92000001,England
E05011158,Northfield,E08000025,Birmingham,E12000005,West Midlands,E92000001,England
E05011159,Oscott,E08000025,Birmingham,E12000005,West Midlands,E92000001,England
E05011160,Perry Barr,E08000025,Birmingham,E12000005,West Midlands,E92000001,England
E05011161,Perry Common,E08000025,Birmingham,E12000005,West Midlands,E92000001,England
E05011162,Pype Hayes,E08000025,Birmingham,E12000005,West Midlands,E92000001,England
E05011163,Quinton,E08000025,Birmingham,E12000005,West Midlands,E92000001,England
E05011164,Rubery & Rednal,E08000025,Birmingham,E12000005,West Midlands,E92000001,England
E05011165,Shard End,E08000025,Birmingham,E12000005,West Midlands,E92000001,England
E05011166,Sheldon,E08000025,Birmingham,E12000005,West Midlands,E92000001,England
E05011167,Small Heath,E08000025,Birmingham,E12000005,West Midlands,E92000001,England
E05011168,Soho & Jewellery Quarter,E08000025,Birmingham,E12000005,West Midlands,E92000001,England
E05011169,South Yardley,E08000025,Birmingham,E12000005,West Midlands,E92000001,England
E05011170,Sparkbrook & Balsall Heath East,E08000025,Birmingham,E12000005,West Midlands,E92000001,England
E05011171,Sparkhill,E08000025,Birmingham,E12000005,West Midlands,E92000001,England
E05011172,Stirchley,E08000025,Birmingham,E12000005,West Midlands,E92000001,England
E05011173,Stockland Green,E08000025,Birmingham,E12000005,West Midlands,E92000001,England
E05011174,Sutton Four Oaks,E08000025,Birmingham,E12000005,West Midlands,E92000001,England
E05011175,Sutton Mere Green,E08000025,Birmingham,E12000005,West Midlands,E92000001,England
E05011176,Sutton Reddicap,E08000025,Birmingham,E12000005,West Midlands,E92000001,England
E05011177,Sutton Roughley,E08000025,Birmingham,E12000005,West Midlands,E92000001,England
E05011178,Sutton Trinity,E08000025,Birmingham,E12000005,West Midlands,E92000001,England
E05011179,Sutton Vesey,E08000025,Birmingham,E12000005,West Midlands,E92000001,England
E05011180,Sutton Walmley & Minworth,E08000025,Birmingham,E12000005,West Midlands,E92000001,England
E05011181,Sutton Wylde Green,E08000025,Birmingham,E12000005,West Midlands,E92000001,England
E05011182,Tyseley & Hay Mills,E08000025,Birmingham,E12000005,West Midlands,E92000001,England
E05011183,Ward End,E08000025,Birmingham,E12000005,West Midlands,E92000001,England
E05011184,Weoley & Selly Oak,E08000025,Birmingham,E12000005,West Midlands,E92000001,England
E05011185,Yardley East,E08000025,Birmingham,E12000005,West Midlands,E92000001,England
E05011186,Yardley West & Stechford,E08000025,Birmingham,E12000005,West Midlands,E92000001,England
E05011350,Ancoats & Beswick,E08000003,Manchester,E12000002,North West,E92000001,England
E05011351,Ardwick,E08000003,Manchester,E12000002,North West,E92000001,England
E05011352,Baguley,E08000003,Manchester,E12000002,North West,E92000001,England
E05011353,Brooklands,E08000003,Manchester,E12000002,North West,E92000001,England
E05011354,Burnage,E08000003,Manchester,E12000002,North West,E92000001,England
E05011355,Charlestown,E08000003,Manchester,E12000002,North West,E92000001,England
E05011356,Cheetham,E08000003,Manchester,E12000002,North West,E92000001,England
E05011357,Chorlton,E08000003,Manchester,E12000002,North West,E92000001,England
E05011358,Chorlton Park,E08000003,Manchester,E12000002,North West,E92000001,England
E05011359,Clayton & Openshaw,E08000003,Manchester,E12000002,North West,E92000001,England
E05011360,Crumpsall,E08000003,Manchester,E12000002,North West,E92000001,England
E05011361,Deansgate,E08000003,Manchester,E12000002,North West,E92000001,England
E05011362,Didsbury East,E08000003,Manchester,E12000002,North West,E92000001,England
E05011363,Didsbury West,E08000003,Manchester,E12000002,North West,E92000001,England
E05011364,Fallowfield,E08000003,Manchester,E12000002,North West,E92000001,England
E05011365,Gorton & Abbey Hey,E08000003,Manchester,E12000002,North West,E92000001,England
E05011366,Harpurhey,E08000003,Manchester,E12000002,North West,E92000001,England
E05011367,Higher Blackley,E08000003,Manchester,E12000002,North West,E92000001,England
E05011368,Hulme,E08000003,Manchester,E12000002,North West,E92000001,England
E05011369,Levenshulme,E08000003,Manchester,E12000002,North West,E92000001,England
E05011370,Longsight,E08000003,Manchester,E12000002,North West,E92000001,England
E05011371,Miles Platting & Newton Heath,E08000003,Manchester,E12000002,North West,E92000001,England
E05011372,Moss Side,E08000003,Manchester,E12000002,North West,E92000001,England
E05011373,Moston,E08000003,Manchester,E12000002,North West,E92000001,England
E05011374,Northenden,E08000003,Manchester,E12000002,North West,E92000001,England
E05011375,Old Moat,E08000003,Manchester,E12000002,North West,E92000001,England
E05011376,Piccadilly,E08000003,Manchester,E12000002,North West,E92000001,England
E05011377,Rusholme,E08000003,Manchester,E12000002,North West,E92000001,England
E05011378,Sharston,E08000003,Manchester,E12000002,North West,E92000001,England
E05011379,Whalley Range,E08000003,Manchester,E12000002,North West,E92000001,England
E05011380,Withington,E08000003,Manchester,E12000002,North West,E92000001,England
E05011381,Woodhouse Park,E08000003,Manchester,E12000002,North West,E92000001,England
E05011382,Adel & Wharfedale,E08000035,Leeds,E12000003,Yorkshire and The Humber,E92000001,England
E05011383,Alwoodley,E08000035,Leeds,E12000003,Yorkshire and The Humber,E92000001,England
E05011384,Ardsley & Robin Hood,E08000035,Leeds,E12000003,Yorkshire and The Humber,E92000001,England
E05011385,Armley,E08000035,Leeds,E12000003,Yorkshire and The Humber,E92000001,England
E05011386,Beeston & Holbeck,E08000035,Leeds,E12000003,Yorkshire and The Humber,E92000001,England
E05011387,Bramley & Stanningley,E08000035,Leeds,E12000003,Yorkshire and The Humber,E92000001,England
E05011388,Burmantofts & Richmond Hill,E08000035,Leeds,E12000003,Yorkshire and The Humber,E92000001,England
E05011389,Calverley & Farsley,E08000035,Leeds,E12000003,Yorkshire and The Humber,E92000001,England
E05011390,Chapel Allerton,E08000035,Leeds,E12000003,Yorkshire and The Humber,E92000001,England
E05011391,Cross Gates & Whinmoor,E08000035,Leeds,E12000003,Yorkshire and The Humber,E92000001,England
E05011392,Farnley & Wortley,E08000035,Leeds,E12000003,Yorkshire and The Humber,E92000001,England
E05011393,Garforth & Swillington,E08000035,Leeds,E12000003,Yorkshire and The Humber,E92000001,England
E05011394,Gipton & Harehills,E08000035,Leeds,E12000003,Yorkshire and The Humber,E92000001,England
E05011395,Guiseley & Rawdon,E08000035,Leeds,E12000003,Yorkshire and The Humber,E92000001,England
E05011396,Harewood,E08000035,Leeds,E12000003,Yorkshire and The Humber,E92000001,England
E05011397,Headingley & Hyde Park,E08000035,Leeds,E12000003,Yorkshire and The Humber,E92000001,England
E05011398,Horsforth,E08000035,Leeds,E12000003,Yorkshire and The Humber,E92000001,England
E05011399,Hunslet & Riverside,E08000035,Leeds,E12000003,Yorkshire and The Humber,E92000001,England
E05011400,Killingbeck & Seacroft,E08000035,Leeds,E12000003,Yorkshire and The Humber,E92000001,England
E05011401,Kippax & Methley,E08000035,Leeds,E12000003,Yorkshire and The Humber,E92000001,England
E05011402,Kirkstall,E08000035,Leeds,E12000003,Yorkshire and The Humber,E92000001,England
E05011403,Little London & Woodhouse,E08000035,Leeds,E12000003,Yorkshire and The Humber,E92000001,England
E05011404,Middleton Park,E08000035,Leeds,E12000003,Yorkshire and The Humber,E92000001,England
E05011405,Moortown,E08000035,Leeds,E12000003,Yorkshire and The Humber,E92000001,England
E05011406,Morley North,E08000035,Leeds,E12000003,Yorkshire and The Humber,E92000001,England
E05011407,Morley South,E08000035,Leeds,E12000003,Yorkshire and The Humber,E92000001,England
E05011408,Otley & Yeadon,E08000035,Leeds,E12000003,Yorkshire and The Humber,E92000001,England
E05011409,Pudsey,E08000035,Leeds,E12000003,Yorkshire and The Humber,E92000001,England
E05011410,Rothwell,E08000035,Leeds,E12000003,Yorkshire and The Humber,E92000001,England
E05011411,Roundhay,E08000035,Leeds,E12000003,Yorkshire and The Humber,E92000001,England
E05011412,Temple Newsam,E08000035,Leeds,E12000003,Yorkshire and The Humber,E92000001,England
E05011413,Weetwood,E08000035,Leeds,E12000003,Yorkshire and The Humber,E92000001,England
E05011414,Wetherby,E08000035,Leeds,E12000003,Yorkshire and The Humber,E92000001,England
E05011436,Arthur's Hill,E08000021,Newcastle upon Tyne,E12000001,North East,E92000001,England
E05011437,Benwell & Scotswood,E08000021,Newcastle upon Tyne,E12000001,North East,E92000001,England
E05011438,Blakelaw,E08000021,Newcastle upon Tyne,E12000001,North East,E92000001,England
E05011439,Byker,E08000021,Newcastle upon Tyne,E12000001,North East,E92000001,England
E05011440,Callerton & Throckley,E08000021,Newcastle upon Tyne,E12000001,North East,E92000001,England
E05011441,Castle,E08000021,Newcastle upon Tyne,E12000001,North East,E92000001,England
E05011442,Chapel,E08000021,Newcastle upon Tyne,E12000001,North East,E92000001,England
E05011443,Dene & South Gosforth,E08000021,Newcastle upon Tyne,E12000001,North East,E92000001,England
E05011444,Denton & Westerhope,E08000021,Newcastle upon Tyne,E12000001,North East,E92000001,England
E05011445,Elswick,E08000021,Newcastle upon Tyne,E12000001,North East,E92000001,England
E05011446,Fawdon & West Gosforth,E08000021,Newcastle upon Tyne,E12000001,North East,E92000001,England
E05011447,Gosforth,E08000021,Newcastle upon Tyne,E12000001,North East,E92000001,England
E05011448,Heaton,E08000021,Newcastle upon Tyne,E12000001,North East,E92000001,England
E05011449,Kenton,E08000021,Newcastle upon Tyne,E12000001,North East,E92000001,England
E05011450,Kingston Park South & Newbiggin Hall,E08000021,Newcastle upon Tyne,E12000001,North East,E92000001,England
E05011451,Lemington,E08000021,Newcastle upon Tyne,E12000001,North East,E92000001,England
E05011452,Manor Park,E08000021,Newcastle upon Tyne,E12000001,North East,E92000001,England
E05011453,Monument,E08000021,Newcastle upon Tyne,E12000001,North East,E92000001,England
E05011454,North Jesmond,E08000021,Newcastle upon Tyne,E12000001,North East,E92000001,England
E05011455,Ouseburn,E08000021,Newcastle upon Tyne,E12000001,North East,E92000001,England
E05011456,Parklands,E08000021,Newcastle upon Tyne,E12000001,North East,E92000001,England
E05011457,South Jesmond,E08000021,Newcastle upon Tyne,E12000001,North East,E92000001,England
E05011458,Walker,E08000021,Newcastle upon Tyne,E12000001,North East,E92000001,England
E05011459,Walkergate,E08000021,Newcastle upon Tyne,E12000001,North East,E92000001,England
E05011460,West Fenham,E08000021,Newcastle upon Tyne,E12000001,North East,E92000001,England
E05011461,Wingrove,E08000021,Newcastle upon Tyne,E12000001,North East,E92000001,England
E05011546,Garforth & Swillington,E08000035,Leeds,E12000003,Yorkshire and The Humber,E92000001,England
E05011547,Horsforth,E08000035,Leeds,E12000003,Yorkshire and The Humber,E92000001,England
E05011548,Kippax & Methley,E08000035,Leeds,E12000003,Yorkshire and The Humber,E92000001,England
E05011549,Otley & Yeadon,E08000035,Leeds,E12000003,Yorkshire and The Humber,E92000001,England
E05011550,Rothwell,E08000035,Leeds,E12000003,Yorkshire and The Humber,E92000001,England
E05011551,Temple Newsam,E08000035,Leeds,E12000003,Yorkshire and The Humber,E92000001,England
