England - Local elections 2017 - Wards,,,,,,,,,,,,,,,,,,,,,,,,,,,,,,,,,
,,GENERAL,,,,,,,REJECTED BALLOT PAPERS,,,,,,POSTAL VOTES,,,,,,,,,,,,,,,,,,
,,,,,,,,,,,,,,,A. Issue of postal ballot papers,,,,,B (1). Receipt of and replacement postal ballot papers,,,,,,,,,B (2). Receipt of postal ballot papers – Personal Identifiers,,,C. Count of postal ballot papers,
Ward,Local Authority,Electorate ,Total valid votes cast,Valid votes turnout (%),Total ballots at the count,Ballot box turnout (incl. votes rejected at count) (%),Total number of ballots returned by close of poll,Total vote turnout (incl. postal votes rejected and votes  rejected at count) (%),No official mark,Voting for more candidates,Writing or mark by which the voter could be identified,Unmarked,Rejected in part,Total number of ballot papers rejected at the count ,A1) Number of postal ballot papers issued,"A2) Total number of ballot papers issued under regulations 77, 78 & 78A",A3) Total number of ballot papers cancelled under 86A,A4) Total number of postal ballot papers issued A1 to A3,A5) Total number of Ballot papers cancelled under Para 78A,B6) Total number of covering envelopes received by RO before the close of poll ,B7) Number of covering envelopes received after close of poll,B8) Number of postal ballot s returned spoilt for cancellation in time for re-issue,B9) Number of postal ballots lost or not received in time for a re-issue,B10) Number of ballot papers cancelled and retrieved in time for re-issue,B11) Number of ballot papers returned as spoilt too late for re-issue,B12) Number of covering envelopes returned as undelivered (up to 25th after date of Poll,B13) Number of covering envelopes NOT received by the Returning Officer by 25th Day,B14) TOTAL numbers B6 to B13,B15) Number of covering envelopes set aside for verification,B16) Number of postal voting statements rejected following verification -not completed,B17) Number of postal voting statements rejected following verification -personal identifier match,C18) Number of postal votes included in the count,C19) TOTAL marked 'REJECTED'
Altarnun,Cornwall,"2,642","1,387",52.5%,"1,388",52.5%,"1,397",52.9%,0,0,0,1,0,1,480,0,0,480,0,352,0,,0,0,0,2,126,480,352,8,1,343,9
Bodmin St. Leonard,Cornwall,"3,378",770,22.8%,777,23.0%,785,23.2%,0,1,0,6,0,7,573,1,0,574,0,354,3,0,0,0,0,3,216,574,354,8,0,346,8
Bodmin St. Marys,Cornwall,"3,664","1,041",28.4%,"1,046",28.5%,"1,053",28.7%,0,1,0,4,0,5,698,0,0,698,0,462,2,0,0,0,0,0,234,698,462,4,3,455,7
Bodmin St. Petroc,Cornwall,,,,,,,,,,,,,,,,,,,,,,,,,,,,,,,,
Breage Germoe & Sithney,Cornwall,"3,559","1,676",47.1%,"1,682",47.3%,"1,684",47.3%,0,0,0,6,0,6,698,0,0,698,0,491,2,0,0,0,0,1,205,699,491,1,1,489,2
Bude,Cornwall,"6,348","2,695",42.5%,"2,706",42.6%,"2,732",43.0%,0,3,0,8,0,11,"1,068",0,0,"1,068",0,792,5,0,0,0,0,4,267,"1,068",792,25,1,766,26
Bugle,Cornwall,"3,671","1,286",35.0%,"1,295",35.3%,"1,306",35.6%,0,1,0,8,0,9,556,1,0,556,1,369,0,0,0,0,0,1,186,556,369,10,1,358,11
Callington,Cornwall,"3,546","1,157",32.6%,"1,162",32.8%,"1,163",32.8%,0,2,0,3,0,5,642,0,0,642,0,417,2,0,0,0,0,2,221,642,417,1,0,416,1
Camborne Pendarves,Cornwall,"3,198","1,173",36.7%,"1,179",36.9%,"1,179",36.9%,0,0,0,6,0,6,659,4,0,663,0,447,2,0,4,0,0,3,207,663,452,5,0,447,5
Camborne Roskear,Cornwall,"3,607","1,190",33.0%,"1,199",33.2%,"1,206",33.4%,0,1,0,8,0,9,806,5,0,811,0,542,3,0,5,0,0,4,257,811,542,3,4,535,7
Camborne Trelowarren,Cornwall,"3,394",918,27.0%,921,27.1%,927,27.3%,0,2,0,1,0,3,566,0,0,566,0,350,1,0,0,0,0,2,213,566,350,2,4,344,6
Camborne Treslothan,Cornwall,"3,077",932,30.3%,938,30.5%,943,30.6%,0,6,0,0,0,6,436,1,0,437,0,291,1,0,1,0,0,2,142,437,291,1,4,286,5
Camborne Treswithian,Cornwall,"2,973","1,005",33.8%,"1,009",33.9%,"1,010",34.0%,0,0,0,4,0,4,611,0,0,611,0,416,2,0,0,0,0,2,191,611,416,1,0,415,1
Camelford,Cornwall,"3,148",989,31.4%,"1,028",32.7%,"1,036",32.9%,35,4,0,0,0,39,559,1,0,560,0,329,1,0,0,0,0,0,230,560,329,6,2,321,8
Carharrack Gwenapp & St. Day,Cornwall,"3,782","1,536",40.6%,"1,539",40.7%,"1,541",40.7%,0,1,2,0,0,3,464,0,0,464,0,325,1,0,0,0,0,1,137,464,325,0,2,323,2
Chacewater Kenwyn & Baldhu,Cornwall,"3,090","1,158",37.5%,"1,164",37.7%,"1,167",37.8%,0,2,0,4,0,6,426,1,0,427,0,291,1,0,1,0,0,0,134,427,291,2,1,288,3
Constantine Mawnan & Budock,Cornwall,"3,849","1,707",44.3%,"1,724",44.8%,"1,728",44.9%,0,4,0,13,0,17,535,0,0,535,0,366,3,0,0,3,0,0,163,535,364,1,0,362,2
Crowan & Wendron,Cornwall,"4,356","1,879",43.1%,"1,882",43.2%,"1,888",43.3%,0,0,0,3,0,3,736,0,0,736,0,497,3,0,0,0,0,3,233,736,497,2,4,491,6
Falmouth Arnewack,Cornwall,"2,887","1,247",43.2%,"1,255",43.5%,"1,259",43.6%,0,2,0,6,0,8,588,0,0,558,0,385,2,0,0,0,0,1,170,558,385,1,3,381,4
Falmouth Boslowick,Cornwall,"3,847","1,525",39.6%,"1,538",40.0%,"1,538",40.0%,0,12,0,1,0,13,562,0,0,562,0,392,2,0,0,0,0,2,166,562,394,0,2,392,2
Falmouth Penwerris,Cornwall,"3,371","1,272",37.7%,"1,278",37.9%,"1,280",38.0%,0,3,0,3,0,6,543,3,0,546,0,381,2,0,0,0,0,3,160,546,381,1,1,379,2
Falmouth Smithick,Cornwall,"3,345","1,191",35.6%,"1,195",35.7%,"1,196",35.8%,0,4,0,0,0,4,330,1,0,331,0,202,1,0,1,0,0,0,127,331,202,1,0,201,1
Falmouth Trescobeas,Cornwall,"3,514","1,232",35.1%,"1,245",35.4%,"1,249",35.5%,0,10,0,3,0,13,506,1,0,507,0,341,2,0,1,0,0,1,162,507,341,1,3,337,3
Feock & Playing Place,Cornwall,"3,839","1,913",49.8%,"1,922",50.1%,"1,926",50.2%,0,1,0,8,0,9,686,0,0,686,0,519,4,0,0,0,0,2,161,686,519,2,2,515,4
Four Lanes,Cornwall,"3,489","1,181",33.8%,"1,193",34.2%,"1,194",34.2%,0,6,0,6,0,12,516,0,0,516,0,300,2,0,0,0,0,2,212,516,300,0,1,299,1
Fowey & Tywardreath,Cornwall,"3,386","1,775",52.4%,"1,777",52.5%,"1,784",52.7%,2,0,0,0,0,2,595,0,0,595,0,458,1,0,0,0,0,1,135,595,458,6,1,451,7
Grenville & Stratton,Cornwall,"3,606","1,339",37.1%,"1,349",37.4%,"1,352",37.5%,0,0,0,10,0,10,566,0,0,566,0,398,0,0,0,0,0,1,167,566,398,3,0,395,3
Gulval & Heamoor,Cornwall,"3,325","1,505",45.3%,"1,512",45.5%,"1,516",45.6%,0,0,0,7,0,7,816,0,0,816,0,586,3,0,0,0,0,4,223,816,586,0,3,582,4
Gunnislake & Calstock,Cornwall,"3,601","1,800",50.0%,"1,800",50.0%,"1,807",50.2%,0,0,0,0,0,0,724,0,0,724,0,525,2,0,0,0,0,3,194,724,525,6,1,518,7
Gwinear-Gwithian & St. Erth,Cornwall,"3,755","1,502",40.0%,"1,507",40.1%,"1,508",40.2%,0,1,0,4,0,5,774,1,0,775,0,492,2,0,0,0,0,3,278,775,494,1,2,491,3
Hayle North,Cornwall,"3,601","1,176",32.7%,"1,182",32.8%,"1,187",33.0%,0,1,0,5,0,6,790,0,0,790,0,465,2,0,0,0,0,3,320,790,465,2,3,460,5
Hayle South,Cornwall,"3,283","1,061",32.3%,"1,067",32.5%,"1,077",32.8%,0,1,0,5,0,6,699,0,0,699,0,442,3,0,0,0,0,3,342,790,436,3,0,432,4
Helston North,Cornwall,"3,650","1,544",42.3%,"1,549",42.4%,"1,553",42.5%,0,1,0,4,0,5,722,0,0,722,0,504,3,0,0,0,0,2,213,722,504,1,3,500,4
Helston South,Cornwall,"3,940","1,145",29.1%,"1,150",29.2%,"1,152",29.2%,0,0,0,5,0,5,635,0,0,635,0,381,2,0,0,0,0,3,249,635,381,0,2,379,2
Illogan,Cornwall,"3,662","1,304",35.6%,"1,310",35.8%,"1,314",35.9%,0,2,0,4,0,6,678,0,0,678,0,451,2,0,0,0,0,2,223,678,451,3,1,447,4
Laddock St. Clement & St. Erme,Cornwall,"3,559","1,351",38.0%,"1,353",38.0%,"1,357",38.1%,0,1,1,0,0,2,506,0,0,506,0,339,0,0,0,0,0,1,166,506,339,2,2,335,4
Lanivet & Blisland,Cornwall,"3,173","1,381",43.5%,"1,384",43.6%,"1,392",43.9%,0,0,0,3,0,3,545,2,0,547,0,390,1,0,0,1,0,2,153,547,390,5,3,382,8
Lanner & Stithians,Cornwall,"3,784","1,355",35.8%,"1,362",36.0%,"1,368",36.2%,0,3,0,4,0,7,547,1,0,548,0,350,1,0,0,0,0,1,195,547,350,2,4,344,6
Launceston Central,Cornwall,"2,778",898,32.3%,902,32.5%,911,32.8%,0,3,0,1,0,4,503,0,0,503,0,343,2,0,0,0,0,3,155,503,343,8,1,334,9
Launceston North & North Petherwin,Cornwall,"3,717","1,891",50.9%,"1,894",51.0%,"1,898",51.1%,0,2,0,1,0,3,653,0,0,653,0,499,2,0,0,0,0,2,150,653,499,4,0,495,4
Launceston South,Cornwall,"2,991","1,058",35.4%,"1,065",35.6%,"1,069",35.7%,0,0,0,7,0,7,578,0,0,578,0,417,1,0,0,0,0,1,159,578,417,4,0,413,4
Lelant & Carbis Bay,Cornwall,"3,073","1,331",43.3%,"1,336",43.5%,"1,339",43.6%,0,1,0,4,0,5,692,0,0,692,0,462,2,0,0,0,0,3,225,692,462,2,1,459,3
Liskeard East,Cornwall,"3,634","1,047",28.8%,"1,048",28.8%,"1,052",28.9%,0,0,0,1,0,1,706,0,0,706,0,471,2,0,0,0,0,2,231,706,467,0,0,467,0
Liskeard North,Cornwall,"1,556",638,41.0%,641,41.2%,641,41.2%,0,2,0,1,0,3,350,0,0,350,0,257,1,0,0,0,0,2,92,352,257,0,0,257,0
Liskeard West & Dobwalls,Cornwall,"3,345","1,485",44.4%,"1,488",44.5%,"1,501",44.9%,0,1,0,2,0,3,699,0,0,699,0,526,4,0,0,0,0,1,168,699,527,11,3,513,14
Looe East,Cornwall,"2,746","1,031",37.5%,"1,038",37.8%,"1,042",37.9%,0,1,0,6,0,7,530,0,0,530,0,376,1,0,0,0,0,1,152,530,376,2,1,372,3
Looe West Lansallos & Lanteglos,Cornwall,"3,818","1,755",46.0%,"1,769",46.3%,"1,772",46.4%,0,4,1,9,0,14,788,2,0,790,0,560,2,0,0,0,0,3,225,790,560,1,2,557,3
Lostwithiel,Cornwall,"3,386","1,703",50.3%,"1,715",50.6%,"1,721",50.8%,0,0,0,12,0,12,536,1,0,537,0,417,1,0,1,0,0,1,117,537,417,6,0,411,6
Ludgvan,Cornwall,"3,317","1,588",47.9%,"1,595",48.1%,"1,602",48.3%,0,1,0,6,0,7,906,1,0,907,0,656,3,1,0,0,0,3,244,907,656,3,4,649,7
Lynher,Cornwall,"3,530","1,574",44.6%,"1,587",45.0%,"1,593",45.1%,0,4,0,9,0,13,585,0,0,585,0,420,2,0,0,0,0,1,162,585,420,5,1,414,6
Mabe Parranarworthal & St. Gluvias,Cornwall,"4,325","1,791",41.4%,"1,796",41.5%,"1,797",41.5%,0,2,0,3,0,5,753,0,0,753,0,519,2,0,0,0,0,3,229,753,519,1,0,518,1
Marazion & Parranuthnoe,Cornwall,"3,616","1,611",44.6%,"1,614",44.6%,"1,621",44.8%,0,0,0,3,0,3,888,1,0,889,0,631,2,0,1,0,0,3,252,889,631,4,3,624,7
Menheniot,Cornwall,"3,174","1,535",48.4%,"1,546",48.7%,"1,547",48.7%,0,3,0,8,0,11,609,0,0,609,0,439,1,0,0,0,0,2,167,609,439,1,0,438,1
Mevagissey,Cornwall,"3,234","1,529",47.3%,"1,534",47.4%,"1,537",47.5%,0,3,0,2,0,5,534,0,0,534,0,388,1,0,0,0,0,1,144,534,388,3,0,385,3
Mount Charles,Cornwall,"3,504","1,134",32.4%,"1,146",32.7%,"1,156",33.0%,0,11,0,1,0,12,658,0,0,658,0,437,2,0,0,0,0,2,217,658,437,8,2,427,10
Mount Hawke & Portreath,Cornwall,"3,715","1,538",41.4%,"1,544",41.6%,"1,548",41.7%,0,0,0,6,0,6,543,0,0,543,0,361,0,0,0,0,0,1,181,543,361,1,3,357,4
Mullion & Grade-Ruan,Cornwall,"3,321","1,646",49.6%,"1,653",49.8%,"1,657",49.9%,0,0,0,7,0,7,456,1,0,457,0,356,0,1,0,0,0,0,100,457,356,3,1,352,4
Newlyn & Goonhaven,Cornwall,"3,841","1,500",39.1%,"1,512",39.4%,"1,518",39.5%,0,0,0,12,0,12,454,0,0,454,0,277,0,0,0,0,0,1,176,454,277,0,6,271,6
Newlyn & Mousehole,Cornwall,"3,352","1,579",47.1%,"1,579",47.1%,"1,582",47.2%,0,0,0,0,0,0,806,0,0,806,0,593,3,0,0,0,0,4,206,806,593,0,3,590,3
Newquay Central,Cornwall,"2,979",800,26.9%,800,26.9%,805,27.0%,0,0,0,0,0,0,404,1,0,405,0,254,0,0,1,0,0,1,149,405,256,7,0,249,7
Newquay Pentire,Cornwall,"3,334","1,078",32.3%,"1,086",32.6%,"1,090",32.7%,0,0,8,0,0,8,577,0,0,577,0,360,1,0,0,0,0,1,215,577,360,4,0,356,4
Newquay Treloggan,Cornwall,"3,145",896,28.5%,900,28.6%,904,28.7%,0,2,0,2,0,4,441,0,0,441,0,282,0,0,0,0,0,0,159,441,282,3,1,278,4
Newquay Tretherras,Cornwall,"3,102","1,083",34.9%,"1,088",35.1%,"1,091",35.2%,0,1,0,4,0,5,565,0,0,565,0,382,3,0,0,0,0,3,177,565,382,1,2,379,3
Newquay Treviglas,Cornwall,"3,151","1,104",35.0%,"1,111",35.3%,"1,117",35.4%,0,2,0,5,0,7,572,0,0,572,0,400,2,0,0,0,0,4,166,572,400,6,0,394,6
Padstow,Cornwall,"3,216","1,356",42.2%,"1,360",42.3%,"1,368",42.5%,0,1,0,3,0,4,548,0,0,548,0,394,2,0,0,0,0,4,148,548,394,7,1,386,8
Par & St. Blazey Gate,Cornwall,"3,200","1,207",37.7%,"1,213",37.9%,"1,222",38.2%,1,1,0,4,0,6,533,0,0,533,0,376,3,0,0,0,0,5,149,533,374,4,3,367,7
Penryn East & Mylor,Cornwall,"4,278","1,637",38.3%,"1,649",38.5%,"1,653",38.6%,0,1,0,11,0,12,622,1,0,623,0,401,2,0,1,0,0,3,216,623,401,3,1,397,4
Penryn West,Cornwall,"3,674","1,014",27.6%,"1,016",27.7%,"1,019",27.7%,0,0,0,2,0,2,499,0,0,499,0,303,0,0,0,0,0,2,194,499,303,2,1,300,3
Penwithick & Boscoppa,Cornwall,"3,537",952,26.9%,955,27.0%,957,27.1%,0,1,0,2,0,3,562,0,0,562,0,321,1,0,0,0,0,1,239,562,322,3,0,319,3
Penzance Central,Cornwall,"3,179","1,436",45.2%,"1,447",45.5%,"1,454",45.7%,0,5,0,6,0,11,659,0,0,659,0,445,2,0,0,0,0,2,210,659,445,4,3,438,7
Penzance East,Cornwall,"3,220","1,459",45.3%,"1,462",45.4%,"1,466",45.5%,0,1,0,2,0,3,651,1,0,652,0,494,2,0,1,0,0,2,153,652,494,1,3,490,4
Penzance Promenade,Cornwall,"3,087","1,502",48.7%,"1,507",48.8%,"1,515",49.1%,0,5,0,0,0,5,873,2,0,875,0,651,3,1,1,0,0,4,215,875,651,2,4,643,8
Perranporth,Cornwall,"3,728","1,549",41.6%,"1,554",41.7%,"1,558",41.8%,0,1,0,4,0,5,553,0,0,553,0,383,2,0,0,0,0,3,165,553,383,1,2,379,3
Pool & Tehidy,Cornwall,"3,413","1,036",30.4%,"1,043",30.6%,"1,045",30.6%,0,2,0,5,0,7,604,0,0,604,0,405,2,0,0,0,0,2,195,604,405,1,1,403,2
Porthleven & Helston West,Cornwall,"3,407","1,425",41.8%,"1,431",42.0%,"1,437",42.2%,0,3,0,3,0,6,571,0,0,571,0,385,3,0,0,0,0,4,179,571,385,4,2,379,6
Poundstock,Cornwall,"3,657","1,663",45.5%,"1,680",45.9%,"1,682",46.0%,0,2,1,14,0,17,575,0,0,575,0,410,4,0,0,0,0,5,156,575,410,2,0,408,2
Probus Tregony & Grampound,Cornwall,"3,280","1,592",48.5%,"1,597",48.7%,"1,601",48.8%,0,0,0,5,0,5,456,0,0,456,0,345,1,0,0,0,3,0,107,456,345,3,1,341,4
Rame Peninsular,Cornwall,"3,783","2,102",55.6%,"2,109",55.7%,"2,112",55.8%,0,0,0,7,0,7,752,2,0,754,0,530,4,0,2,0,0,6,212,754,530,1,2,527,3
Redruth Central,Cornwall,"3,058",901,29.5%,910,29.8%,915,29.9%,0,3,0,6,0,9,545,0,0,545,0,317,3,0,0,0,0,4,221,545,317,4,1,312,5
Redruth North,Cornwall,"4,768","1,290",27.1%,"1,295",27.2%,"1,301",27.3%,0,2,0,3,0,5,768,1,0,769,0,494,3,0,1,0,0,4,267,769,494,4,1,488,6
Redruth South,Cornwall,"3,167",974,30.8%,974,30.8%,976,30.8%,0,0,0,0,0,0,538,0,0,538,0,322,0,0,0,0,0,3,213,538,322,1,1,320,2
Roche,Cornwall,"3,120","1,282",41.1%,"1,286",41.2%,"1,286",41.2%,0,1,0,3,0,4,441,1,0,442,0,313,0,0,0,0,0,1,128,442,313,0,0,313,0
Roseland,Cornwall,"2,852","1,631",57.2%,"1,636",57.4%,"1,637",57.4%,0,0,0,5,0,5,458,2,0,460,0,337,0,0,2,0,0,1,120,460,337,1,0,336,1
Saltash East,Cornwall,"3,228","1,248",38.7%,"1,256",38.9%,"1,263",39.1%,0,3,0,5,0,8,687,0,0,687,0,483,3,0,0,0,0,6,195,687,483,1,6,476,7
Saltash North,Cornwall,"3,154","1,133",35.9%,"1,138",36.1%,"1,144",36.3%,0,1,0,4,0,5,729,1,0,730,0,466,6,1,0,0,0,4,252,729,466,3,3,460,6
Saltash South,Cornwall,"3,136","1,096",34.9%,"1,101",35.1%,"1,102",35.1%,0,2,0,3,0,5,691,1,0,692,0,501,7,1,0,0,0,3,180,692,501,1,0,500,1
Saltash West,Cornwall,"3,338","1,325",39.7%,"1,326",39.7%,"1,328",39.8%,1,0,0,0,0,1,694,0,0,694,0,497,6,0,0,0,0,2,189,694,497,1,1,495,2
St. Agnes,Cornwall,"3,734","1,417",37.9%,"1,422",38.1%,"1,425",38.2%,0,0,0,5,0,5,495,0,0,495,0,324,0,0,0,0,0,2,169,495,324,1,2,321,3
St. Austell Bay,Cornwall,"3,746","1,643",43.9%,"1,648",44.0%,"1,655",44.2%,0,4,0,1,0,5,702,1,0,703,0,504,5,0,1,0,0,3,190,703,504,4,3,497,7
St. Austell Bethel,Cornwall,"3,670","1,230",33.5%,"1,235",33.7%,"1,237",33.7%,0,5,0,0,0,5,605,0,0,605,0,415,1,0,0,0,0,0,189,605,415,0,2,413,2
St. Austell Gover,Cornwall,"3,236","1,101",34.0%,"1,109",34.3%,"1,112",34.4%,0,6,1,1,0,8,579,3,0,582,0,395,2,1,2,0,0,1,181,582,395,3,0,392,3
St. Austell Poltair,Cornwall,"3,368","1,229",36.5%,"1,253",37.2%,"1,257",37.3%,0,15,0,9,0,24,574,0,0,574,0,394,3,0,0,0,0,3,174,574,391,0,4,390,4
St. Blazey,Cornwall,"3,079","1,002",32.5%,"1,006",32.7%,"1,010",32.8%,2,1,0,1,0,4,462,0,0,462,0,305,1,0,0,0,0,2,154,462,306,5,0,301,5
St. Buryan,Cornwall,"3,550","1,790",50.4%,"1,796",50.6%,"1,802",50.8%,0,0,0,6,0,6,832,4,0,836,0,614,6,0,4,0,0,5,207,836,614,4,2,608,6
St. Cleer,Cornwall,"3,645","1,606",44.1%,"1,610",44.2%,"1,616",44.3%,0,1,1,2,0,4,771,0,0,771,0,544,5,0,0,0,0,4,218,771,544,5,1,538,6
St. Columb Major,Cornwall,"3,689","1,327",36.0%,"1,335",36.2%,"1,337",36.2%,0,0,0,8,0,8,615,0,0,615,0,422,3,0,0,0,0,1,189,615,424,0,4,420,4
St. Dennis & Nanpean,Cornwall,"3,331",975,29.3%,976,29.3%,977,29.3%,0,0,0,1,0,1,462,1,0,463,0,292,1,0,1,0,0,1,167,462,292,1,0,291,1
St. Dominick Harrowbarrow & Kelly Bray,Cornwall,"3,475","1,715",49.4%,"1,718",49.4%,"1,722",49.6%,3,0,0,0,0,3,674,1,0,675,0,519,4,0,1,0,0,5,146,675,519,0,4,515,4
St. Enoder,Cornwall,"3,541","1,307",36.9%,"1,308",36.9%,"1,309",37.0%,0,0,0,1,0,1,462,0,0,462,0,302,2,0,0,0,0,0,158,462,302,1,0,301,1
St. Germans & Landulph,Cornwall,"3,463","1,697",49.0%,"1,702",49.1%,"1,707",49.3%,0,1,0,4,0,5,638,1,0,639,0,468,3,1,0,0,0,2,165,639,468,1,4,463,5
St. Issey & Tudy,Cornwall,"3,606","1,533",42.5%,"1,539",42.7%,"1,542",42.8%,0,0,0,6,0,6,598,0,0,598,0,418,2,0,0,0,0,2,176,598,417,1,1,415,2
St. Ives East,Cornwall,"2,758","1,358",49.2%,"1,371",49.7%,"1,377",49.9%,0,11,0,2,0,13,652,0,0,652,0,482,3,0,0,0,0,4,163,652,482,3,3,476,6
St. Ives West,Cornwall,"3,199","1,298",40.6%,"1,317",41.2%,"1,325",41.4%,0,13,0,6,0,19,646,0,0,646,0,461,3,0,0,0,0,3,179,646,461,7,0,453,8
St. Just & Penwith,Cornwall,"3,797","1,992",52.5%,"2,007",52.9%,"2,013",53.0%,0,2,0,13,0,15,843,0,0,843,0,631,4,0,0,0,0,2,206,843,631,0,6,625,6
St. Keverne & Meneage,Cornwall,"3,996","1,709",42.8%,"1,716",42.9%,"1,720",43.0%,0,2,0,5,0,7,575,0,0,575,0,387,2,0,0,0,0,3,183,575,387,3,1,383,4
St. Mawgan & Colan,Cornwall,"3,279","1,286",39.2%,"1,292",39.4%,"1,292",39.4%,0,3,0,3,0,6,459,0,0,459,0,315,0,0,0,0,0,1,143,459,315,0,0,315,0
St. Mewan,Cornwall,"3,050","1,256",41.2%,"1,259",41.3%,"1,264",41.4%,3,0,0,0,0,3,450,0,0,450,0,312,0,0,0,0,0,1,137,450,312,3,2,307,5
St. Minver & St. Endellion,Cornwall,"2,469","1,247",50.5%,"1,257",50.9%,"1,259",51.0%,0,1,0,9,0,10,469,0,0,469,0,320,1,0,0,0,0,2,146,469,320,2,0,318,2
St. Stephen-In-Brannel,Cornwall,"3,683","1,105",30.0%,"1,108",30.1%,"1,109",30.1%,0,0,0,3,0,3,484,0,0,484,0,265,2,0,0,0,0,4,213,484,265,1,0,264,1
St. Teath & St. Breward,Cornwall,"3,180","1,423",44.7%,"1,427",44.9%,"1,431",45.0%,0,1,0,3,0,4,493,0,0,493,0,359,2,0,0,0,0,5,127,493,357,2,0,355,2
Stokeclimsland,Cornwall,"3,078","1,246",40.5%,"1,355",44.0%,"1,359",44.2%,0,7,0,12,0,19,481,0,0,481,0,333,3,0,0,0,0,4,141,481,333,2,2,329,4
Threemilestone & Gloweth,Cornwall,"3,408","1,254",36.8%,"1,258",36.9%,"1,263",37.1%,0,0,0,4,0,4,418,1,0,419,0,287,0,1,0,0,0,2,129,419,287,2,3,282,5
Tintagel,Cornwall,"3,162","1,520",48.1%,"1,525",48.2%,"1,527",48.3%,0,3,0,2,0,5,534,0,0,534,0,383,0,0,0,0,0,3,148,534,383,2,0,381,2
Torpoint East,Cornwall,"2,964","1,184",39.9%,"1,192",40.2%,"1,203",40.6%,2,2,0,4,0,8,585,1,0,586,0,431,2,1,0,0,0,5,147,586,431,2,9,420,11
Torpoint West,Cornwall,"2,985","1,117",37.4%,"1,118",37.5%,"1,120",37.5%,0,1,0,0,0,1,650,0,0,650,0,466,4,0,0,0,0,5,175,650,466,1,1,464,2
Trelawney,Cornwall,"3,746","1,922",51.3%,"1,937",51.7%,"1,941",51.8%,0,4,0,11,0,15,755,7,0,762,0,556,7,0,7,1,0,6,185,762,555,1,2,552,3
Truro Boscawen,Cornwall,"4,038","1,526",37.8%,"1,533",38.0%,"1,538",38.1%,0,4,0,3,0,7,738,0,0,738,0,488,2,0,0,0,0,3,245,738,488,2,3,483,5
Truro Redannick,Cornwall,"3,556","1,497",42.1%,"1,507",42.4%,"1,509",42.4%,0,2,0,8,0,10,603,0,0,603,0,423,2,0,0,0,0,3,175,603,423,2,0,421,2
Truro Tregolls,Cornwall,"3,629","1,478",40.7%,"1,483",40.9%,"1,487",41.0%,0,0,0,5,0,5,667,3,0,670,0,494,1,0,3,0,0,3,169,670,494,3,1,490,4
Truro Trehaverne,Cornwall,"3,840","1,482",38.6%,"1,487",38.7%,"1,494",38.9%,3,2,0,0,0,5,806,0,0,806,0,551,3,0,0,0,0,4,248,806,551,2,5,544,7
Wadebridge East,Cornwall,"3,208","1,278",39.8%,"1,280",39.9%,"1,287",40.1%,0,0,0,2,0,2,464,0,0,464,0,392,2,0,0,1,0,2,67,464,392,2,3,385,5
Wadebridge West,Cornwall,"2,942","1,233",41.9%,"1,235",42.0%,"1,240",42.1%,0,0,0,2,0,2,518,0,0,518,0,376,3,0,0,0,0,4,135,518,376,4,1,371,5
Annfield Plain,Durham,"5,875","1,833",31.2%,"1,843",31.4%,"1,861",31.7%,0,2,0,8,0,10,"1,348",4,"1,352","2,704",2,893,6,1,1,0,0,5,446,"1,352",893,11,5,875,18
Aycliffe East,Durham,"6,332","1,636",25.8%,"1,643",25.9%,"1,658",26.2%,0,2,0,5,0,7,"1,225",2,0,"1,227","1,227",764,8,2,0,0,0,5,448,"1,227",764,7,6,749,15
Aycliffe North & Middridge,Durham,"8,044","2,194",27.3%,"2,216",27.5%,"2,231",27.7%,0,13,0,9,0,22,"1,663",1,"1,664","3,328",0,950,11,1,0,0,0,7,695,"1,664",950,10,3,935,15
Aycliffe West,Durham,"5,509","1,406",25.5%,"1,413",25.6%,"1,426",25.9%,0,4,0,3,0,7,"1,045",0,0,"1,045",0,697,8,0,0,0,0,5,335,"1,045",697,5,7,684,13
Barnard Castle East,Durham,"6,657","2,470",37.1%,"2,483",37.3%,"2,498",37.5%,0,1,0,12,0,13,"1,189",3,0,"1,192",0,831,11,3,0,0,0,6,341,"1,192",831,6,7,816,15
Barnard Castle West,Durham,"6,437","2,423",37.6%,"2,435",37.8%,"2,446",38.0%,0,1,0,11,0,12,"1,107",5,0,"1,112",2,738,14,3,0,0,0,4,353,"1,112",738,9,1,727,11
Belmont,Durham,"10,288","3,859",37.5%,"3,873",37.6%,"3,905",38.0%,0,8,0,6,0,14,"2,218",2,0,"2,220",0,"1,611",8,2,0,0,0,6,593,"2,220","1,611",12,18,"1,579",32
Benfieldside,Durham,"6,418","2,263",35.3%,"2,266",35.3%,"2,284",35.6%,0,0,0,3,0,3,"1,645",0,0,"1,645",0,"1,141",15,0,0,0,0,6,483,"1,645","1,141",11,6,"1,123",18
Bishop Auckland Town,Durham,"5,999","1,900",31.7%,"1,915",31.9%,"1,928",32.1%,0,11,0,4,0,15,937,0,0,937,0,654,7,0,0,0,0,4,272,937,654,6,7,641,13
Bishop Middleham & Cornforth,Durham,"2,876",772,26.8%,779,27.1%,784,27.3%,0,1,0,6,0,7,504,0,0,504,0,322,4,0,0,0,0,4,174,504,322,2,3,317,5
Blackhalls,Durham,"6,176","1,736",28.1%,"1,742",28.2%,"1,768",28.6%,0,2,0,4,0,6,"1,349",0,0,"1,349",0,884,12,0,0,0,0,5,448,"1,349",884,16,9,858,26
Brandon,Durham,"7,424","2,171",29.2%,"2,175",29.3%,"2,192",29.5%,0,1,0,3,0,4,"1,505",2,0,"1,507",0,"1,013",7,1,1,0,0,5,480,"1,507","1,013",10,7,996,17
Burnopfield & Dipton,Durham,"6,204","2,021",32.6%,"2,022",32.6%,"2,044",32.9%,0,0,0,1,0,1,"1,606",2,0,"1,608",0,"1,106",11,2,0,0,0,4,485,"1,608","1,106",12,8,"1,084",22
Chester-le-Street East,Durham,"3,010","1,212",40.3%,"1,214",40.3%,"1,227",40.8%,1,0,0,1,0,2,735,0,0,735,0,521,8,0,0,0,0,4,202,735,521,8,5,508,13
Chester-le-Street North,Durham,"3,044","1,254",41.2%,"1,254",41.2%,"1,261",41.4%,0,0,0,0,0,0,"1,000",0,0,"1,000",0,693,11,0,0,0,0,6,290,"1,000",693,7,0,686,7
Chester-le-Street South,Durham,"5,962","2,549",42.8%,"2,551",42.8%,"2,567",43.1%,0,1,0,1,0,2,"1,537",0,0,"1,537",0,"1,106",10,0,0,0,0,4,417,"1,537","1,106",10,6,"1,090",16
Chester-le-Street West Central,Durham,"5,907","1,870",31.7%,"1,872",31.7%,"1,878",31.8%,0,0,0,2,0,2,"1,317",0,0,"1,317",0,904,12,0,0,0,0,5,396,"1,317",904,5,1,898,6
Chilton,Durham,"3,174",913,28.8%,923,29.1%,926,29.2%,0,2,0,8,0,10,659,1,0,660,1,401,6,0,0,0,0,6,247,660,401,2,0,398,3
Consett North,Durham,"5,903","2,161",36.6%,"2,161",36.6%,"2,183",37.0%,0,0,0,0,0,0,"1,397",0,0,"1,397",0,"1,010",12,0,0,0,0,4,371,"1,397","1,010",15,7,988,22
Consett South,Durham,"3,166",778,24.6%,779,24.6%,786,24.8%,0,0,0,1,0,1,592,0,0,592,0,395,1,0,0,0,0,7,189,592,395,5,2,388,7
Coundon,Durham,"3,145",810,25.8%,812,25.8%,823,26.2%,0,0,0,2,0,2,407,0,0,407,0,274,6,0,0,0,0,5,122,407,274,4,6,263,11
Coxhoe,Durham,"9,561","2,852",29.8%,"2,861",29.9%,"2,875",30.1%,0,1,0,8,0,9,"1,539",1,0,"1,540",0,"1,028",10,1,0,0,0,6,495,"1,540","1,028",10,4,"1,014",14
Craghead & South Moor,Durham,"5,425","1,555",28.7%,"1,563",28.8%,"1,577",29.1%,0,7,0,1,0,8,"1,136",1,0,"1,137",0,753,9,1,0,0,0,5,369,"1,137",753,8,4,739,14
Crook,Durham,"9,141","2,553",27.9%,"2,556",28.0%,"2,573",28.1%,0,1,0,2,0,3,"1,557",0,0,"1,557",0,"1,072",4,0,0,0,0,5,476,"1,557","1,072",11,6,"1,055",17
Dawdon,Durham,"6,147","1,748",28.4%,"1,763",28.7%,"1,773",28.8%,0,9,0,6,0,15,"1,205",2,0,"1,207",0,758,16,0,2,0,0,7,424,"1,207",758,8,2,748,10
Deerness,Durham,"9,220","2,860",31.0%,"2,893",31.4%,"2,920",31.7%,0,16,0,17,0,33,"2,015",3,0,"2,018",0,"1,327",21,3,0,0,0,9,658,"2,018","1,327",13,12,"1,300",27
Delves Lane,Durham,"6,332","1,161",18.3%,"1,165",18.4%,"1,178",18.6%,0,1,0,3,0,4,"1,364",2,0,"1,366",0,874,10,2,0,0,0,4,476,"1,366",874,10,3,861,13
Deneside,Durham,"5,505","1,456",26.4%,"1,468",26.7%,"1,471",26.7%,0,6,0,6,0,12,"1,127",0,0,"1,127",0,696,3,0,0,0,0,4,424,"1,127",696,2,1,693,3
Durham South,Durham,"1,747",754,43.2%,756,43.3%,759,43.4%,0,0,0,2,0,2,290,4,0,294,0,216,1,0,4,0,0,6,67,294,216,3,0,213,3
Easington,Durham,"5,567","1,470",26.4%,"1,473",26.5%,"1,493",26.8%,0,0,0,3,0,3,"1,177",1,0,"1,178",0,768,10,1,0,0,0,4,395,"1,178",768,11,9,748,20
Elvet & Gilesgate,Durham,"4,825","1,464",30.3%,"1,468",30.4%,"1,476",30.6%,0,0,0,4,0,4,541,0,0,541,0,407,3,0,0,0,0,8,123,541,407,3,4,399,8
Esh & Witton Gilbert,Durham,"6,280","2,312",36.8%,"2,315",36.9%,"2,328",37.1%,0,1,0,2,0,3,"1,365",0,0,"1,365",0,980,8,0,0,0,0,5,372,"1,365",980,8,3,967,13
Evenwood,Durham,"6,296","1,840",29.2%,"1,849",29.4%,"1,862",29.6%,0,1,0,8,0,9,"1,041",0,0,"1,041",0,672,9,0,0,0,0,5,355,"1,041",672,2,11,659,13
Ferryhill,Durham,"8,093","2,383",29.4%,"2,397",29.6%,"2,419",29.9%,0,7,0,7,0,14,"1,864",3,0,"1,867",0,"1,224",7,0,3,0,0,7,626,"1,867","1,224",14,8,"1,202",22
Framwellgate & Newton Hall,Durham,"10,394","4,183",40.2%,"4,202",40.4%,"4,220",40.6%,0,11,0,8,0,19,"2,437",3,0,"2,440",0,"1,753",16,1,2,0,0,6,662,"2,440","1,753",10,8,"1,735",18
Horden,Durham,"5,688","1,544",27.1%,"1,553",27.3%,"1,568",27.6%,0,4,0,5,0,9,"1,268",0,0,"1,268",0,852,6,0,0,0,0,7,403,"1,268",852,10,5,837,15
Lanchester,Durham,"5,969","2,190",36.7%,"2,203",36.9%,"2,212",37.1%,0,6,2,5,0,13,"1,542",3,0,"1,545",0,"1,000",16,3,0,0,0,8,518,"1,545","1,000",4,5,991,9
Leadgate & Medomsley,Durham,"6,693","2,429",36.3%,"2,432",36.3%,"2,460",36.8%,0,0,0,3,0,3,"1,666",0,0,"1,666",0,"1,173",11,0,0,0,0,6,476,"1,666","1,173",20,8,"1,145",28
Lumley,Durham,"5,667","2,045",36.1%,"2,057",36.3%,"2,071",36.5%,0,5,0,7,0,12,"1,395",0,0,"1,395",0,934,6,0,0,0,0,7,448,"1,395",934,11,3,920,14
Murton,Durham,"5,892","1,841",31.2%,"1,843",31.3%,"1,865",31.7%,0,1,0,1,0,2,"1,339",1,0,"1,340",1,920,6,0,0,0,0,5,409,"1,340",920,17,5,898,22
Nevilles Cross,Durham,"6,634","2,708",40.8%,"2,710",40.9%,"2,718",41.0%,0,0,0,0,2,2,930,5,0,935,0,690,4,0,5,0,0,7,229,935,690,5,3,682,8
North Lodge,Durham,"2,782","1,422",51.1%,"1,425",51.2%,"1,432",51.5%,0,1,0,2,0,3,844,3,0,847,0,660,3,3,0,0,0,2,179,847,660,4,1,653,0
Passfield,Durham,"3,500",991,28.3%,994,28.4%,"1,000",28.6%,0,2,0,1,0,3,769,0,0,769,0,450,2,0,0,0,0,6,311,769,450,3,2,444,6
Pelton,Durham,"10,031","2,944",29.3%,"2,948",29.4%,"2,966",29.6%,0,2,2,0,0,4,"2,102",6,0,"2,108",0,"1,331",19,4,2,0,0,6,746,"2,108","1,331",13,5,"1,313",18
Peterlee East,Durham,"5,461","1,270",23.3%,"1,273",23.3%,"1,292",23.7%,0,1,0,2,0,3,"1,202",0,0,"1,202",0,746,11,0,0,0,0,5,440,"1,202",746,14,4,727,19
Peterlee West,Durham,"6,230","1,483",23.8%,"1,494",24.0%,"1,513",24.3%,0,4,0,7,0,11,"1,267",4,0,"1,271",0,757,3,3,1,0,0,8,499,"1,271",757,10,6,738,19
Sacriston,Durham,"5,515","1,644",29.8%,"1,652",30.0%,"1,665",30.2%,0,2,1,5,0,8,"1,090",0,0,"1,090",0,679,9,0,0,0,0,4,398,"1,090",679,10,2,666,13
Seaham,Durham,"5,394","1,617",30.0%,"1,625",30.1%,"1,637",30.3%,0,5,0,3,0,8,"1,256",1,0,"1,257",1,719,10,0,0,0,0,5,523,"1,257",719,11,1,707,12
Sedgefield,Durham,"6,235","2,173",34.9%,"2,174",34.9%,"2,199",35.3%,0,1,0,0,0,1,"1,512",1,0,"1,513",0,"1,053",7,1,0,0,0,4,448,"1,513","1,053",13,10,"1,028",25
Sherburn,Durham,"6,642","1,984",29.9%,"1,989",29.9%,"1,998",30.1%,0,0,0,5,0,5,"1,141",0,0,"1,141",0,716,25,0,0,0,0,6,394,"1,141",716,6,3,707,9
Shildon & Dene Valley,Durham,"9,471","2,722",28.7%,"2,728",28.8%,"2,753",29.1%,0,3,0,3,0,6,"2,022",0,0,"2,022",0,"1,402",10,0,0,0,0,4,606,"2,022","1,402",10,14,"1,377",25
Shotton & South Hetton,Durham,"6,654","1,768",26.6%,"1,777",26.7%,"1,794",27.0%,0,3,0,6,0,9,"1,323",1,0,"1,324",0,838,14,1,0,0,0,5,466,"1,324",838,9,8,821,17
Spennymoor,Durham,"8,646","3,092",35.8%,"3,126",36.2%,"3,145",36.4%,0,29,0,5,0,34,"2,031",0,0,"2,031",0,"1,434",13,0,0,0,0,5,579,"2,031","1,434",11,6,"1,415",19
Stanley,Durham,"6,314","1,662",26.3%,"1,670",26.4%,"1,693",26.8%,0,2,0,5,1,8,"1,517",0,0,"1,517",0,965,13,0,0,0,0,6,533,"1,517",965,15,8,942,23
Tanfield,Durham,"6,566","1,991",30.3%,"1,996",30.4%,"2,009",30.6%,0,3,0,2,0,5,"1,561",1,0,"1,562",0,"1,017",14,1,0,0,0,7,523,"1,562","1,017",8,3,"1,004",13
Tow Law,Durham,"3,352",928,27.7%,931,27.8%,942,28.1%,0,0,0,3,0,3,488,1,0,489,0,317,3,0,1,0,0,1,167,489,317,2,9,306,11
Trimdon & Thornley,Durham,"9,753","2,433",24.9%,"2,437",25.0%,"2,459",25.2%,0,3,0,1,0,4,"1,816",1,0,"1,817",0,"1,185",14,0,1,0,0,6,611,"1,817","1,185",13,9,"1,163",22
Tudhoe,Durham,"6,436","2,148",33.4%,"2,166",33.7%,"2,183",33.9%,8,10,0,0,0,18,"1,523",3,0,"1,526",0,938,9,2,1,0,0,6,570,"1,526",938,8,9,921,17
Weardale,Durham,"6,544","2,976",45.5%,"2,982",45.6%,"2,999",45.8%,0,3,0,3,0,6,"1,164",1,0,"1,165",1,836,16,0,0,0,0,7,306,"1,165",836,11,5,819,17
West Auckland,Durham,"6,481","1,633",25.2%,"1,636",25.2%,"1,652",25.5%,0,1,0,2,0,3,959,1,0,960,0,646,0,1,0,0,0,0,313,960,646,7,9,630,16
Willington & Hunwick,Durham,"6,834","1,846",27.0%,"1,855",27.1%,"1,871",27.4%,0,3,0,6,0,9,"1,134",0,0,"1,134",0,776,15,0,0,0,0,5,338,"1,134",776,6,8,760,16
Wingate,Durham,"3,009",783,26.0%,784,26.1%,794,26.4%,0,0,0,1,0,1,725,5,0,730,0,447,6,5,0,0,0,3,269,730,447,5,5,437,10
Woodhouse Close,Durham,"6,229","1,287",20.7%,"1,301",20.9%,"1,285",20.6%,0,2,0,12,0,14,819,0,0,819,0,508,7,0,0,0,0,6,298,819,508,8,8,524,16
Arreton & Newchurch,Isle Of Wight,"3,031","1,301",42.9%,"1,305",43.1%,"1,314",43.4%,0,0,0,4,0,4,546,0,0,546,0,384,1,0,0,0,0,5,156,546,384,2,7,375,9
Binstead & Fishbourne,Isle Of Wight,"2,660","1,112",41.8%,"1,112",41.8%,"1,114",41.9%,0,0,0,0,0,0,465,0,0,465,0,342,5,0,0,0,0,3,115,465,342,0,2,340,2
Brading St. Helens & Bembridge,Isle Of Wight,"5,998","2,668",44.5%,"2,683",44.7%,"2,692",44.9%,0,1,0,14,0,15,973,3,0,976,2,678,8,0,1,0,0,13,276,976,678,0,9,669,9
Carisbrooke,Isle Of Wight,"2,615","1,031",39.4%,"1,043",39.9%,"1,047",40.0%,0,8,0,4,0,12,355,0,0,355,0,247,1,0,0,0,0,7,100,355,247,0,4,243,4
Central Wight,Isle Of Wight,"2,862","1,365",47.7%,"1,366",47.7%,"1,372",47.9%,0,0,0,1,0,1,468,0,0,468,0,327,3,0,0,0,0,3,135,468,327,0,6,321,6
CHALE NITON & WHITWELL,Isle Of Wight,"2,324","1,184",50.9%,"1,187",51.1%,"1,190",51.2%,0,0,0,3,0,3,321,0,0,321,0,222,1,0,0,0,0,5,93,321,222,0,3,219,3
Cowes Medina,Isle Of Wight,"2,984",918,30.8%,921,30.9%,923,30.9%,0,2,0,1,0,3,432,0,0,432,0,298,2,0,0,0,0,3,129,432,298,0,2,296,2
Cowes North,Isle Of Wight,"2,479",909,36.7%,912,36.8%,915,36.9%,0,0,0,3,0,3,451,1,0,452,1,312,6,0,0,0,0,9,125,452,312,0,3,309,3
Cowes South & Northwood,Isle Of Wight,"2,852","1,153",40.4%,"1,155",40.5%,"1,158",40.6%,0,1,0,1,0,2,431,1,0,432,1,299,4,0,0,0,0,3,126,432,302,0,3,296,3
Cowes West & Gurnard,Isle Of Wight,"3,124","1,513",48.4%,"1,515",48.5%,"1,518",48.6%,0,1,0,1,0,2,594,0,0,594,0,437,3,0,0,0,0,6,148,594,437,1,2,434,3
East Cowes,Isle Of Wight,"3,104","1,309",42.2%,"1,311",42.2%,"1,315",42.4%,0,0,0,2,0,2,476,0,0,476,0,324,0,0,0,0,0,4,148,476,324,0,4,320,4
Freshwater North,Isle Of Wight,"2,199",814,37.0%,820,37.3%,823,37.4%,0,1,0,5,0,6,334,0,0,334,0,253,0,0,0,0,0,2,79,334,253,0,3,250,3
Freshwater South,Isle Of Wight,"2,547","1,036",40.7%,"1,038",40.8%,"1,044",41.0%,0,1,1,0,0,2,404,0,0,404,0,285,0,0,0,0,0,2,117,404,285,1,5,279,6
Godshill & Wroxall,Isle Of Wight,"2,585","1,218",47.1%,"1,220",47.2%,"1,223",47.3%,0,0,0,2,0,2,381,0,0,381,0,279,2,0,0,0,0,4,96,381,279,1,2,276,3
Havenstreet Ashey & Haylands,Isle Of Wight,"2,831",921,32.5%,923,32.6%,928,32.8%,0,2,0,0,0,2,391,0,0,391,0,251,0,0,0,0,0,1,139,391,251,0,5,246,5
Lake North,Isle Of Wight,"2,865","1,063",37.1%,"1,073",37.5%,"1,078",37.6%,0,2,6,2,0,10,325,0,0,325,0,225,2,0,0,0,0,4,94,325,225,0,5,220,5
Lake South,Isle Of Wight,"2,910","1,116",38.4%,"1,124",38.6%,"1,126",38.7%,0,3,0,5,0,8,528,0,0,528,0,374,2,0,0,0,0,2,150,528,374,0,2,372,2
Nettlestone & Seaview,Isle Of Wight,"2,459","1,266",51.5%,"1,269",51.6%,"1,272",51.7%,0,0,0,3,0,3,584,2,0,586,0,439,1,0,2,0,0,3,141,586,439,0,3,436,3
Newport Central,Isle Of Wight,"2,917",819,28.1%,829,28.4%,834,28.6%,0,3,1,6,0,10,410,0,0,410,0,276,3,0,0,0,0,6,125,410,276,1,5,271,6
Newport East,Isle Of Wight,"2,794",824,29.5%,829,29.7%,833,29.8%,0,4,0,1,0,5,397,0,0,397,0,267,6,0,0,0,0,2,122,397,267,1,3,263,4
Newport North,Isle Of Wight,"2,465",879,35.7%,880,35.7%,886,35.9%,0,0,0,1,0,1,452,0,0,452,0,329,0,0,0,0,0,3,120,452,329,0,6,323,6
Newport South,Isle Of Wight,"2,691",866,32.2%,873,32.4%,878,32.6%,0,0,0,7,0,7,356,0,0,356,0,229,0,0,0,0,0,0,127,356,229,0,5,224,5
Newport West,Isle Of Wight,"2,484",870,35.0%,873,35.1%,874,35.2%,0,0,0,3,0,3,478,0,0,478,0,313,3,0,0,0,0,0,162,478,313,0,1,312,1
Parkhurst,Isle Of Wight,"2,358",754,32.0%,755,32.0%,757,32.1%,0,0,0,1,0,1,422,0,0,422,0,280,3,0,0,0,0,4,135,422,280,0,2,278,2
Ryde East,Isle Of Wight,"2,825","1,110",39.3%,"1,127",39.9%,"1,134",40.1%,0,7,0,10,0,17,450,1,0,451,1,326,1,0,0,0,0,5,119,451,326,0,7,319,7
Ryde North East,Isle Of Wight,"2,604",912,35.0%,924,35.5%,927,35.6%,0,3,0,9,0,12,438,0,0,438,0,280,3,0,0,0,0,2,153,438,280,1,2,277,3
Ryde North West,Isle Of Wight,"2,777",978,35.2%,979,35.3%,985,35.5%,0,1,0,0,0,1,412,0,0,412,0,283,1,0,0,0,0,1,127,412,283,0,6,277,6
Ryde South,Isle Of Wight,"2,981",782,26.2%,791,26.5%,796,26.7%,0,8,0,1,0,9,289,0,0,289,0,186,4,0,0,0,0,3,86,289,186,0,5,181,5
Ryde West,Isle Of Wight,"2,737",923,33.7%,925,33.8%,932,34.1%,0,2,0,0,0,2,410,0,0,410,0,270,2,0,0,0,0,1,137,410,270,0,7,263,7
Sandown North,Isle Of Wight,"2,354",863,36.7%,868,36.9%,871,37.0%,0,2,0,3,0,5,300,0,0,300,0,192,2,0,0,0,0,0,106,300,192,0,3,189,3
Sandown South,Isle Of Wight,"2,939",961,32.7%,964,32.8%,971,33.0%,0,0,0,3,0,3,370,1,0,372,0,266,3,0,1,0,0,3,99,372,266,0,7,259,7
Shanklin Central,Isle Of Wight,"2,822","1,139",40.4%,"1,139",40.4%,"1,146",40.6%,0,0,0,0,0,0,406,0,0,406,0,280,1,0,0,0,0,5,120,406,280,0,7,273,7
Shanklin South,Isle Of Wight,"2,922","1,232",42.2%,"1,237",42.3%,"1,241",42.5%,0,5,0,0,0,5,550,2,0,552,2,374,4,0,0,0,0,0,173,552,374,0,4,370,4
Totland,Isle Of Wight,"2,386","1,015",42.5%,"1,025",43.0%,"1,027",43.0%,0,4,0,6,0,10,391,0,0,391,0,269,1,0,0,0,0,2,119,391,269,0,2,267,2
Ventnor East,Isle Of Wight,"2,364",896,37.9%,901,38.1%,906,38.3%,0,3,0,2,0,5,329,0,0,329,0,238,2,0,0,0,0,4,85,329,238,1,4,233,5
Ventnor West,Isle Of Wight,"2,374","1,004",42.3%,"1,005",42.3%,"1,009",42.5%,0,0,0,1,0,1,443,1,0,444,0,318,3,0,1,0,0,1,121,444,318,1,3,314,4
West Wight,Isle Of Wight,"2,721",976,35.9%,981,36.1%,987,36.3%,0,0,0,5,0,5,506,0,0,506,0,346,6,0,0,0,0,2,152,506,346,2,4,340,6
Whippingham & Osborne,Isle Of Wight,"3,343","1,213",36.3%,"1,220",36.5%,"1,227",36.7%,0,3,0,4,0,7,482,0,0,482,0,327,3,0,0,0,0,0,152,482,327,0,7,320,7
Wootton & Bridge,Isle Of Wight,"2,779","1,131",40.7%,"1,139",41.0%,"1,146",41.2%,0,3,0,5,0,8,497,0,0,497,0,356,0,0,0,0,0,1,140,497,356,0,7,349,7
Alnwick,Northumberland,"7,753","3,176",41.0%,"3,179",41.0%,"3,204",41.3%,0,1,0,2,0,3,"1,183",5,0,"1,188",0,937,5,2,0,0,0,1,243,"1,188",936,5,17,912,25
Amble,Northumberland,"3,750","1,211",32.3%,"1,216",32.4%,"1,218",32.5%,0,0,0,5,0,5,324,0,0,324,0,233,2,0,0,0,0,0,89,324,233,1,3,231,2
Amble West with Warkworth,Northumberland,"3,394","1,570",46.3%,"1,575",46.4%,"1,583",46.6%,0,2,0,3,0,5,527,3,0,530,3,416,1,0,0,0,0,2,111,530,415,3,4,408,8
Ashington Central,Northumberland,"3,373",930,27.6%,933,27.7%,943,28.0%,0,3,0,0,0,3,710,0,0,710,0,496,9,0,0,0,0,1,204,710,496,2,5,486,10
Bamburgh,Northumberland,"3,565","1,811",50.8%,"1,813",50.9%,"1,838",51.6%,0,0,0,2,0,2,787,0,0,787,0,645,4,0,0,0,0,0,138,787,642,8,10,620,25
Bedlington Central,Northumberland,"3,642","1,528",42.0%,"1,529",42.0%,"1,546",42.4%,0,0,0,1,0,1,"1,035",2,0,"1,037",1,787,3,1,0,0,0,1,245,"1,037",787,10,6,770,17
Bedlington East,Northumberland,"3,209","1,065",33.2%,"1,065",33.2%,"1,077",33.6%,0,0,0,0,0,0,692,0,0,692,0,512,0,0,0,0,0,3,177,692,512,8,5,500,12
Bedlington West,Northumberland,"3,642","1,520",41.7%,"1,520",41.7%,"1,543",42.4%,0,0,0,0,0,0,"1,015",2,0,"1,017",0,728,0,0,2,0,0,0,287,"1,017",725,8,10,705,23
Bellingham,Northumberland,"3,119","1,487",47.7%,"1,488",47.7%,"1,496",48.0%,0,1,0,0,0,1,573,1,0,574,1,433,1,0,0,0,0,2,138,574,433,4,3,425,8
Berwick East,Northumberland,"3,449","1,095",31.7%,"1,101",31.9%,"1,106",32.1%,0,2,0,4,0,6,435,1,0,436,0,302,2,1,0,5,0,0,126,436,301,2,0,297,5
Berwick North,Northumberland,"3,399","1,479",43.5%,"1,486",43.7%,"1,497",44.0%,0,6,0,1,0,7,615,0,0,615,0,478,0,0,0,18,0,2,117,615,477,4,10,467,11
Berwick West with Ord,Northumberland,"3,117","1,101",35.3%,"1,104",35.4%,"1,109",35.6%,0,0,0,3,0,3,410,0,0,410,0,295,15,0,0,0,0,1,99,410,295,1,3,290,5
Bothal,Northumberland,"3,612","1,250",34.6%,"1,255",34.7%,"1,274",35.3%,0,0,0,5,0,5,"1,012",1,0,"1,013",0,691,1,0,1,27,0,0,293,"1,013",689,7,8,672,19
Bywell,Northumberland,"3,494","1,923",55.0%,"1,925",55.1%,"1,932",55.3%,0,1,0,1,0,2,826,2,0,828,0,633,6,0,2,2,0,1,184,828,632,3,3,626,7
Choppington,Northumberland,"3,519","1,196",34.0%,"1,198",34.0%,"1,211",34.4%,0,0,0,2,0,2,806,0,0,806,0,583,3,0,0,0,0,2,218,806,583,8,5,570,13
College,Northumberland,"3,529",994,28.2%,"1,000",28.3%,"1,019",28.9%,0,0,0,6,0,6,932,0,0,932,0,663,6,0,0,1,0,3,259,932,663,8,8,644,19
Corbridge,Northumberland,"3,407","1,819",53.4%,"1,820",53.4%,"1,834",53.8%,0,1,0,0,0,1,812,3,0,815,1,656,3,2,0,1,0,0,153,815,655,2,10,642,14
Cowpen,Northumberland,"3,071",770,25.1%,777,25.3%,791,25.8%,0,0,0,0,7,7,838,1,0,839,1,543,1,0,0,22,0,2,271,839,542,7,7,529,14
Cramlington East,Northumberland,"2,923",829,28.4%,836,28.6%,862,29.5%,0,0,0,7,0,7,781,2,0,783,2,555,1,0,0,19,0,0,208,783,553,8,6,529,26
Cramlington Eastfield,Northumberland,"3,917","1,508",38.5%,"1,516",38.7%,"1,553",39.6%,0,6,0,2,0,8,"1,275",3,0,"1,278",0,951,6,2,1,20,0,2,296,"1,278",951,12,8,914,37
Cramlington North,Northumberland,"4,052","1,826",45.1%,"1,838",45.4%,"1,873",46.2%,0,0,0,12,0,12,"1,491",8,0,"1,499",6,"1,131",3,2,0,59,0,0,304,"1,499","1,129",10,7,"1,096",35
Cramlington South East,Northumberland,"3,791","1,648",43.5%,"1,657",43.7%,"1,673",44.1%,0,0,0,9,0,9,"1,485",3,0,"1,488",3,"1,131",6,0,0,18,0,0,333,"1,488","1,129",7,9,"1,115",16
Cramlington Village,Northumberland,"3,590","1,588",44.2%,"1,595",44.4%,"1,631",45.4%,0,0,0,7,0,7,"1,337",1,0,"1,338",0,"1,020",3,1,0,20,0,2,292,"1,338","1,017",11,9,984,36
Cramlington West,Northumberland,"3,918","1,466",37.4%,"1,476",37.7%,"1,509",38.5%,0,0,0,10,0,10,990,0,0,990,0,775,6,0,0,16,0,0,193,990,773,9,12,742,33
Croft,Northumberland,"3,022",863,28.6%,881,29.2%,891,29.5%,0,15,0,3,0,18,736,0,0,736,0,490,2,0,0,8,0,2,234,736,489,5,10,480,10
Druridge Bay,Northumberland,"4,104","1,449",35.3%,"1,450",35.3%,"1,464",35.7%,0,0,0,1,0,1,603,0,0,603,0,412,1,0,0,2,0,2,186,603,410,8,4,398,14
Haltwhistle,Northumberland,"3,668","1,744",47.5%,"1,745",47.6%,"1,756",47.9%,0,0,0,1,0,1,691,0,0,691,0,536,7,0,0,0,0,1,147,691,536,5,5,525,11
Hartley,Northumberland,"3,992","1,699",42.6%,"1,709",42.8%,"1,746",43.7%,0,9,0,1,0,10,"1,182",1,0,"1,183",1,878,2,0,0,11,0,1,291,"1,183",877,13,8,841,37
Haydon,Northumberland,"3,470","1,144",33.0%,"1,149",33.1%,"1,177",33.9%,0,3,0,2,0,5,"1,006",0,0,"1,006",0,702,11,0,0,3,0,3,287,"1,006",699,8,10,674,28
Haydon & Hadrian,Northumberland,"3,398","1,753",51.6%,"1,755",51.6%,"1,763",51.9%,0,0,0,2,0,2,613,2,0,615,0,476,2,0,2,11,0,1,123,615,476,3,4,468,8
Hexham Central with Acomb,Northumberland,"3,345","1,498",44.8%,"1,500",44.8%,"1,518",45.4%,0,2,0,0,0,2,705,3,0,708,3,540,6,0,0,12,0,0,150,708,539,3,9,522,18
Hexham East,Northumberland,"3,380","1,433",42.4%,"1,440",42.6%,"1,449",42.9%,0,4,3,0,0,7,712,3,0,715,3,545,3,0,0,7,0,1,159,715,545,5,4,536,9
Hexham West,Northumberland,"3,173","1,927",60.7%,"1,930",60.8%,"1,939",61.1%,0,0,0,3,0,3,786,1,0,787,0,647,1,1,0,4,0,2,132,787,647,2,5,638,9
Hirst,Northumberland,"3,296",775,23.5%,779,23.6%,790,24.0%,0,0,0,4,0,4,597,4,0,601,4,415,1,0,0,0,0,0,185,601,413,6,3,404,11
Holywell,Northumberland,"4,032","1,541",38.2%,"1,550",38.4%,"1,577",39.1%,0,0,0,9,0,9,"1,264",0,0,"1,264",0,941,4,0,0,6,0,5,308,"1,264",939,9,13,914,27
Humshaugh,Northumberland,"3,327","1,647",49.5%,"1,651",49.6%,"1,661",49.9%,0,1,0,3,0,4,672,6,0,678,4,488,3,0,2,0,0,2,183,678,487,3,5,478,10
Isabella,Northumberland,"3,150",806,25.6%,815,25.9%,839,26.6%,0,0,0,9,0,9,812,0,0,812,0,561,4,0,0,44,0,1,202,812,560,10,7,537,24
Kitty Brewster,Northumberland,"4,488","1,134",25.3%,"1,142",25.4%,"1,167",26.0%,0,0,0,8,0,8,"1,141",2,0,"1,143",1,731,13,0,1,18,0,2,376,"1,141",729,8,10,706,25
Longhorsley,Northumberland,"3,310","1,662",50.2%,"1,668",50.4%,"1,680",50.8%,0,0,0,6,0,6,718,0,0,718,0,548,1,0,0,0,0,0,169,718,548,8,3,536,12
Longhoughton,Northumberland,"3,249","1,669",51.4%,"1,673",51.5%,"1,679",51.7%,0,1,1,2,0,4,432,4,0,436,3,331,0,1,0,0,0,6,94,432,330,3,2,325,6
Lynemouth,Northumberland,"3,282","1,279",39.0%,"1,282",39.1%,"1,288",39.2%,0,1,0,2,0,3,534,2,0,536,2,414,0,0,0,0,0,0,120,534,414,4,2,408,6
Morpeth Kirkhill,Northumberland,"4,125","2,226",54.0%,"2,240",54.3%,"2,248",54.5%,0,0,0,14,0,14,825,1,0,826,1,647,1,0,0,5,0,0,172,825,645,4,4,639,8
Morpeth North,Northumberland,"3,700","2,150",58.1%,"2,163",58.5%,"2,177",58.8%,0,6,0,7,0,13,731,1,0,732,1,603,2,0,0,17,0,3,106,731,601,3,8,589,14
Morpeth Stobhill,Northumberland,"3,524","1,954",55.4%,"1,962",55.7%,"1,977",56.1%,0,2,0,6,0,8,799,4,0,803,3,641,0,1,0,13,0,1,147,803,640,5,8,626,15
Newbiggin Central & East,Northumberland,"3,518","1,094",31.1%,"1,110",31.6%,"1,144",32.5%,0,0,0,16,0,16,733,2,0,735,2,535,3,0,0,27,0,1,169,735,531,9,5,501,34
Newsham,Northumberland,"3,301","1,060",32.1%,"1,065",32.3%,"1,387",42.0%,0,2,0,3,0,5,867,3,0,870,3,604,2,0,0,12,0,2,250,870,601,3,1,282,22
Norham & Islandshires,Northumberland,"3,498","1,728",49.4%,"1,733",49.5%,"1,740",49.7%,0,2,0,3,0,5,633,0,0,633,0,476,2,0,0,0,0,2,153,633,475,3,1,469,7
Pegswood,Northumberland,"3,928","1,532",39.0%,"1,538",39.2%,"1,550",39.5%,0,0,0,6,0,6,674,1,0,675,0,480,1,0,1,0,0,2,191,675,479,6,2,468,12
Plessey,Northumberland,"3,361","1,315",39.1%,"1,318",39.2%,"1,341",39.9%,0,0,0,3,0,3,"1,032",3,0,"1,035",2,762,3,1,0,2,0,0,267,"1,035",761,8,11,739,23
Ponteland East & Stannington,Northumberland,"3,442","1,542",44.8%,"1,545",44.9%,"1,562",45.4%,0,1,0,2,0,3,836,0,0,836,0,616,2,0,0,0,0,0,218,836,615,8,5,599,17
Ponteland North,Northumberland,"3,761","1,573",41.8%,"1,574",41.9%,"1,599",42.5%,0,0,0,1,0,1,"1,000",3,0,"1,003",1,742,5,1,1,3,0,0,251,"1,003",737,7,5,717,25
Ponteland South with Heddon,Northumberland,"3,380","1,532",45.3%,"1,535",45.4%,"1,560",46.2%,0,0,0,3,0,3,851,0,0,851,0,651,1,0,0,0,0,3,196,851,646,7,5,626,25
Ponteland West,Northumberland,"3,388","1,372",40.5%,"1,385",40.9%,"1,395",41.2%,0,4,0,9,0,13,753,5,0,758,1,540,4,2,2,0,0,2,208,758,540,4,3,530,10
Prudhoe North,Northumberland,"4,220","1,475",35.0%,"1,476",35.0%,"1,498",35.5%,0,1,0,0,0,1,"1,012",2,0,"1,014",1,738,5,0,0,1,0,1,269,"1,014",737,12,7,716,22
Prudhoe South,Northumberland,"3,892","1,446",37.2%,"1,448",37.2%,"1,461",37.5%,0,1,0,1,0,2,740,3,0,743,1,555,1,1,1,0,0,1,184,743,553,6,4,542,13
Rothbury,Northumberland,"4,031","2,246",55.7%,"2,248",55.8%,"2,257",56.0%,0,0,0,2,0,2,582,3,0,585,1,477,1,1,1,1,0,2,102,585,476,2,5,468,9
Seaton with Newbiggin West,Northumberland,"3,655","1,040",28.5%,"1,045",28.6%,"1,064",29.1%,0,1,0,4,0,5,783,2,0,785,1,536,3,1,0,0,0,1,244,785,536,5,13,517,19
Seghill & Seaton Delaval,Northumberland,"4,508","1,436",31.9%,"1,441",32.0%,"1,468",32.6%,0,3,0,2,0,5,"1,155",4,0,"1,159",2,828,2,2,0,6,0,1,320,"1,159",825,8,10,801,27
Shilbottle,Northumberland,"4,150","1,781",42.9%,"1,784",43.0%,"1,795",43.3%,0,2,0,1,0,3,558,2,0,560,0,408,0,2,0,0,0,0,150,560,408,7,4,397,11
Sleekburn,Northumberland,"3,307","1,035",31.3%,"1,035",31.3%,"1,046",31.6%,0,0,0,0,0,0,689,3,0,692,3,490,6,0,0,0,0,0,196,692,486,4,2,479,11
South Blyth,Northumberland,"3,607","1,233",34.2%,"1,238",34.3%,"1,261",35.0%,0,0,0,5,0,5,"1,142",0,0,"1,142",0,736,0,0,0,8,0,0,398,"1,142",736,5,6,713,23
South Tynedale,Northumberland,"3,969","1,744",43.9%,"1,749",44.1%,"1,765",44.5%,0,0,0,5,0,5,757,2,0,759,0,553,2,2,0,0,0,2,200,759,551,7,5,537,16
Stakeford,Northumberland,"3,562","1,264",35.5%,"1,272",35.7%,"1,289",36.2%,0,0,8,0,0,8,"1,019",0,0,"1,019",0,729,4,0,0,0,0,2,284,"1,019",729,9,7,712,17
Stocksfield & Broomhaugh,Northumberland,"3,864","2,081",53.9%,"2,087",54.0%,"2,103",54.4%,0,0,1,4,1,6,918,1,0,919,1,743,0,0,0,0,0,0,176,919,742,7,1,727,16
Wensleydale,Northumberland,"3,623","1,174",32.4%,"1,177",32.5%,"1,198",33.1%,0,3,0,0,0,3,911,1,0,912,0,647,5,0,1,4,0,3,252,912,645,4,12,626,21
Wooler,Northumberland,"3,467","1,744",50.3%,"1,755",50.6%,"1,764",50.9%,0,2,0,9,0,11,694,1,0,695,0,547,4,1,0,28,0,3,112,695,547,6,1,538,9
Highley,Shropshire,"2,681",990,36.9%,991,37.0%,992,37.0%,0,0,0,1,0,1,306,0,0,306,0,206,1,0,0,0,0,0,99,306,206,0,1,205,1
St. Oswald,Shropshire,"3,314","1,149",34.7%,"1,157",34.9%,"1,162",35.1%,0,0,0,8,0,8,402,0,0,402,0,239,11,0,0,0,0,0,152,402,239,0,5,234,5
Hodnet,Shropshire,"2,907",873,30.0%,878,30.2%,881,30.3%,0,0,0,5,0,5,421,0,0,421,0,251,9,0,0,0,0,3,158,421,251,1,2,248,3
Rea Valley,Shropshire,"3,238","1,454",44.9%,"1,462",45.2%,"1,464",45.2%,0,0,0,8,0,8,434,0,0,434,0,323,3,0,0,0,0,4,118,434,323,2,0,321,2
Ludlow East,Shropshire,"3,048","1,056",34.6%,"1,061",34.8%,"1,064",34.9%,0,1,0,4,0,5,437,1,0,438,0,322,6,1,0,0,0,0,109,438,322,2,1,319,3
Worfield,Shropshire,"2,943",982,33.4%,983,33.4%,984,33.4%,0,0,0,1,0,1,470,0,0,470,0,336,2,0,0,0,0,0,132,470,336,1,0,335,1
Burnell,Shropshire,"3,517","1,725",49.0%,"1,732",49.2%,"1,740",49.5%,0,0,0,7,0,7,491,0,0,491,0,370,4,0,0,0,0,0,121,491,370,5,3,362,8
Harlescott,Shropshire,"3,343",966,28.9%,971,29.0%,975,29.2%,0,2,0,3,0,5,494,0,0,494,0,360,6,0,0,0,0,0,128,494,360,2,2,356,4
Meole,Shropshire,"3,026","1,281",42.3%,"1,285",42.5%,"1,293",42.7%,0,0,0,4,0,4,536,0,0,536,0,404,3,0,0,0,0,0,129,536,404,1,7,396,8
Longden,Shropshire,"3,218","1,611",50.1%,"1,615",50.2%,"1,625",50.5%,0,1,0,3,0,4,659,0,0,659,0,488,6,0,0,0,0,2,163,659,488,2,8,478,10
Shifnal South,Shropshire,"3,930","1,169",29.7%,"1,172",29.8%,"1,176",29.9%,0,0,0,3,0,3,672,0,0,672,0,405,11,0,0,0,0,4,252,672,405,1,3,401,4
Oswestry West,Shropshire,"2,807",924,32.9%,933,33.2%,936,33.3%,0,0,0,9,0,9,3,0,0,321,1,232,0,0,0,0,0,0,89,321,232,2,1,229,3
Whittington,Shropshire,"3,236","1,147",35.4%,"1,151",35.6%,"1,154",35.7%,0,0,0,4,0,4,376,3,0,379,1,246,5,0,3,0,0,0,125,379,246,3,0,243,3
Underdale,Shropshire,"3,052",932,30.5%,938,30.7%,938,30.7%,0,0,0,6,0,6,377,0,0,377,1,259,5,0,0,0,0,0,113,377,259,0,0,259,0
Ellesmere Urban,Shropshire,"3,183",995,31.3%,"1,001",31.4%,"1,004",31.5%,0,0,0,6,0,6,406,0,0,406,1,270,5,0,0,0,0,0,131,406,270,2,1,267,3
Corvedale,Shropshire,"3,031","1,316",43.4%,"1,326",43.7%,"1,331",43.9%,0,2,8,0,0,10,441,0,0,441,1,285,5,0,0,0,0,2,149,441,285,0,5,280,5
Alveley & Claverley,Shropshire,"3,382","1,221",36.1%,"1,228",36.3%,"1,232",36.4%,0,1,0,6,0,7,475,0,0,475,1,324,9,0,0,0,0,2,140,475,324,2,2,320,4
Cheswardine,Shropshire,"3,222",967,30.0%,972,30.2%,977,30.3%,0,1,0,4,0,5,521,0,0,521,1,354,6,0,0,0,0,2,165,521,354,1,4,349,5
Bowbrook,Shropshire,"3,013","1,002",33.3%,"1,006",33.4%,"1,009",33.5%,0,0,0,4,0,4,528,0,0,528,1,360,4,0,0,0,0,1,163,528,360,0,3,357,3
Loton,Shropshire,"3,115","1,333",42.8%,"1,339",43.0%,"1,344",43.1%,0,0,6,0,0,6,531,0,0,531,1,378,7,0,0,0,0,4,142,531,378,2,3,373,5
Ludlow North,Shropshire,"3,053","1,302",42.6%,"1,306",42.8%,"1,316",43.1%,0,2,0,2,0,4,536,0,0,536,1,395,6,0,0,0,0,2,133,536,395,3,7,385,10
Copthorne,Shropshire,"3,114","1,228",39.4%,"1,229",39.5%,"1,241",39.9%,0,0,0,1,0,1,628,0,0,628,1,433,2,0,0,0,0,1,192,628,433,12,0,421,12
Whitchurch North,Shropshire,"5,562","1,392",25.0%,"1,400",25.2%,"1,405",25.3%,0,2,0,6,0,8,628,0,0,628,1,433,9,0,0,0,0,3,183,628,433,2,3,428,5
Oswestry East,Shropshire,"6,829","1,714",25.1%,"1,729",25.3%,"1,743",25.5%,0,13,0,2,0,15,691,1,0,692,1,436,6,1,0,0,0,0,249,692,436,6,8,422,14
Bridgnorth West & Tasley,Shropshire,"5,494","1,868",34.0%,"1,876",34.1%,"1,888",34.4%,0,2,0,6,0,8,828,1,0,829,1,600,6,0,1,0,0,0,222,829,600,3,9,588,12
Cleobury Mortimer,Shropshire,"5,791","2,076",35.8%,"2,084",36.0%,"2,094",36.2%,0,0,0,8,0,8,876,0,0,876,1,604,9,0,0,0,0,3,260,876,604,5,5,594,10
Bayston Hill Column & Sutton,Shropshire,"9,622","4,167",43.3%,"4,174",43.4%,"4,190",43.5%,0,2,0,5,0,7,"1,712",5,0,"1,717",1,"1,279",16,0,5,0,0,3,414,"1,717","1,279",5,11,"1,263",16
Sundorne,Shropshire,"3,137",834,26.6%,842,26.8%,846,27.0%,0,0,0,8,0,8,357,0,0,357,2,267,1,0,0,0,0,0,89,357,267,1,3,263,4
Whitchurch South,Shropshire,"3,157",802,25.4%,806,25.5%,812,25.7%,0,0,0,4,0,4,399,0,0,399,2,262,2,0,0,0,0,2,133,399,262,3,3,256,6
Clun,Shropshire,"3,050","1,631",53.5%,"1,643",53.9%,"1,646",54.0%,0,2,0,10,0,12,400,0,0,400,2,313,5,0,0,0,0,2,80,400,313,2,1,310,3
Bishops Castle,Shropshire,"2,881","1,304",45.3%,"1,309",45.4%,"1,311",45.5%,0,0,0,5,0,5,447,0,0,447,2,318,3,0,0,0,0,4,122,447,318,0,2,316,2
Brown Clee,Shropshire,"3,074","1,112",36.2%,"1,120",36.4%,"1,122",36.5%,0,0,0,8,0,8,447,0,0,447,2,291,5,0,0,0,0,1,150,447,291,0,2,289,2
Ruyton & Baschurch,Shropshire,"3,060","1,157",37.8%,"1,159",37.9%,"1,161",37.9%,0,0,0,2,0,2,465,0,0,465,2,314,1,0,0,0,0,1,149,465,314,1,1,312,2
Prees,Shropshire,"3,434","1,162",33.8%,"1,174",34.2%,"1,184",34.5%,0,5,0,7,0,12,474,0,0,474,2,308,5,0,0,0,0,1,160,474,308,1,9,298,10
Monkmoor,Shropshire,"3,211",974,30.3%,982,30.6%,989,30.8%,0,0,0,8,0,8,503,3,0,506,2,365,0,1,2,0,0,1,137,506,365,2,5,358,7
Market Drayton East,Shropshire,"3,736","1,132",30.3%,"1,149",30.8%,"1,155",30.9%,0,1,0,16,0,17,530,2,0,530,2,382,5,0,0,0,0,0,143,530,382,1,5,376,6
The Meres,Shropshire,"3,587","1,380",38.5%,"1,386",38.6%,"1,398",39.0%,0,1,0,5,0,6,599,0,0,599,2,399,4,0,0,0,0,1,195,599,399,2,10,387,12
Abbey,Shropshire,"3,195","1,421",44.5%,"1,433",44.9%,"1,436",44.9%,0,0,0,12,0,12,677,1,0,678,2,499,9,1,0,1,0,0,168,678,499,0,3,496,3
Radbrook,Shropshire,"3,656","1,380",37.7%,"1,386",37.9%,"1,393",38.1%,0,0,0,6,0,6,724,1,0,725,2,500,13,1,0,0,0,1,210,725,500,5,3,492,8
Bridgnorth East & Astley Abbotts,Shropshire,"5,455","1,939",35.5%,"1,950",35.7%,"1,959",35.9%,0,2,0,9,0,11,755,3,0,758,2,519,10,0,3,0,0,2,224,758,519,2,5,512,7
Wem,Shropshire,"6,525","2,290",35.1%,"2,298",35.2%,"2,301",35.3%,0,4,0,4,0,8,920,0,0,920,2,623,16,0,0,0,0,1,262,902,623,1,8,614,9
Chirbury & Worthen,Shropshire,"2,338","1,290",55.2%,"1,292",55.3%,"1,295",55.4%,0,0,0,2,0,2,358,0,0,358,3,273,5,0,0,0,0,2,78,358,273,0,3,270,3
Castlefields & Ditherington,Shropshire,"3,375","1,155",34.2%,"1,157",34.3%,"1,161",34.4%,2,0,0,0,0,2,379,0,0,379,3,263,5,0,0,0,0,2,109,379,263,0,3,260,3
Llanymynech,Shropshire,"3,371","1,081",32.1%,"1,086",32.2%,"1,090",32.3%,0,1,0,4,0,5,413,0,0,413,3,246,4,0,0,0,0,2,161,413,246,3,1,242,4
Battlefield,Shropshire,"3,092",831,26.9%,835,27.0%,839,27.1%,0,0,0,4,0,4,475,1,0,476,3,304,8,0,1,0,0,4,159,476,304,1,3,300,4
Ludlow South,Shropshire,"3,141","1,395",44.4%,"1,396",44.4%,"1,400",44.6%,0,0,0,1,0,1,485,1,0,486,3,371,5,1,0,0,0,2,107,486,371,2,2,367,4
Broseley,Shropshire,"3,619","1,473",40.7%,"1,490",41.2%,"1,495",41.3%,0,5,0,12,0,17,496,1,0,497,3,350,1,0,1,0,0,0,145,497,350,2,2,346,4
Belle Vue,Shropshire,"3,319","1,495",45.0%,"1,498",45.1%,"1,507",45.4%,0,0,0,3,0,3,525,2,0,527,3,368,12,0,2,0,0,4,141,527,368,0,5,363,5
Bagley,Shropshire,"3,486","1,279",36.7%,"1,283",36.8%,"1,292",37.1%,0,0,0,4,0,4,536,1,0,537,3,361,13,0,0,1,0,0,162,537,361,3,6,352,9
Gobowen Selattyn & Weston Rhyn,Shropshire,"5,545","1,660",29.9%,"1,663",30.0%,"1,669",30.1%,0,0,0,3,0,3,611,0,0,611,3,394,4,0,0,0,0,2,211,611,394,3,6,385,9
Porthill,Shropshire,"3,350","1,588",47.4%,"1,598",47.7%,"1,605",47.9%,0,0,0,10,0,10,624,1,0,625,3,469,7,0,1,0,0,5,143,625,469,0,6,463,6
Quarry & Coton Hill,Shropshire,"3,130","1,109",35.4%,"1,113",35.6%,"1,119",35.8%,0,0,0,4,0,4,444,4,0,444,4,299,4,0,0,0,0,1,140,444,299,1,6,292,7
Shifnal North,Shropshire,"3,673","1,222",33.3%,"1,234",33.6%,"1,243",33.8%,0,2,10,0,0,12,531,0,0,531,4,381,4,0,0,0,0,0,146,531,381,2,4,375,6
Clee,Shropshire,"3,538","1,474",41.7%,"1,483",41.9%,"1,495",42.3%,0,4,0,5,0,9,547,0,0,547,4,369,11,0,0,0,0,1,167,547,369,3,6,360,9
Shawbury,Shropshire,"3,384","1,028",30.4%,"1,029",30.4%,"1,038",30.7%,0,0,0,1,0,1,563,0,0,563,4,345,2,0,0,0,0,2,214,563,345,2,10,333,12
Severn Valley,Shropshire,"3,318","1,346",40.6%,"1,348",40.6%,"1,349",40.7%,0,0,0,2,0,2,574,0,0,574,4,392,5,0,0,0,0,1,176,574,392,2,7,383,9
St. Martins,Shropshire,"3,461","1,013",29.3%,"1,024",29.6%,"1,028",29.7%,0,2,0,9,0,11,395,0,0,395,5,242,4,0,0,0,0,0,149,395,242,1,0,241,1
Albrighton,Shropshire,"3,570","1,301",36.4%,"1,320",37.0%,"1,331",37.3%,0,0,0,19,0,19,574,1,0,575,5,378,4,1,0,1,0,0,191,575,378,0,4,374,4
Market Drayton West,Shropshire,"6,588","1,683",25.5%,"1,706",25.9%,"1,711",26.0%,0,1,0,22,0,23,875,0,0,875,5,534,12,0,0,0,0,0,329,875,534,3,8,523,11
Oswestry South,Shropshire,"3,252","1,343",41.3%,"1,353",41.6%,"1,353",41.6%,0,0,0,10,0,10,413,0,0,413,7,308,3,0,0,0,0,1,101,413,308,1,4,303,5
Church Stretton & Craven Arms,Shropshire,"7,220","3,003",41.6%,"3,021",41.8%,"6,428",89.0%,0,7,0,11,0,18,"1,074",0,0,"1,074",9,760,9,0,0,0,0,3,302,"1,074",760,4,7,749,11
Tern,Shropshire,"3,656","1,303",35.6%,"1,304",35.7%,"1,304",35.7%,0,0,0,1,0,1,641,1,0,642,1,453,6,0,1,0,0,2,180,642,453,5,3,445,8
Much Wenlock,Shropshire,"3,425",Uncontested,Uncontested,Uncontested,Uncontested,Uncontested,Uncontested,Uncontested,Uncontested,Uncontested,Uncontested,Uncontested,Uncontested,,,,,,,,,,,,,,,,,,,
Aldbourne & Ramsbury,Wiltshire,"4,045","1,567",38.7%,"1,568",38.8%,"1,568",38.8%,0,0,0,1,0,1,743,1,0,744,1,484,3,0,0,0,0,3,254,744,484,0,11,475,0
Alderbury & Whiteparish,Wiltshire,"3,397","1,390",40.9%,"1,394",41.0%,"1,394",41.0%,0,1,0,3,0,4,534,0,0,534,0,349,3,0,0,0,0,4,178,534,349,0,5,343,0
Amesbury East,Wiltshire,"4,679","1,387",29.6%,"1,389",29.7%,"1,389",29.7%,0,1,0,1,0,2,669,3,0,672,0,385,1,2,1,0,0,0,283,672,385,0,11,375,0
Amesbury West,Wiltshire,"3,698","1,178",31.9%,"1,196",32.3%,"1,196",32.3%,0,1,0,17,0,18,644,2,0,646,2,441,1,0,0,0,0,14,190,646,441,0,18,417,0
Bourne & Woodford Valley,Wiltshire,"3,455","1,502",43.5%,"1,509",43.7%,"1,509",43.7%,0,1,0,6,0,7,598,5,0,603,1,435,5,1,3,0,0,4,155,603,435,0,8,423,0
Box & Colerne,Wiltshire,"3,794","1,867",49.2%,"1,867",49.2%,"1,867",49.2%,0,0,0,0,0,0,736,2,0,738,0,532,4,1,1,0,0,2,198,738,532,0,6,527,0
Bradford-on-Avon North,Wiltshire,"3,800","2,112",55.6%,"2,145",56.4%,"2,145",56.4%,0,1,0,32,0,33,713,0,0,713,0,523,4,0,0,0,0,2,184,713,523,0,12,511,0
Bradford-on-Avon South,Wiltshire,"4,088","2,145",52.5%,"2,157",52.8%,"2,157",52.8%,0,0,0,12,0,12,797,1,0,798,1,600,3,0,0,0,0,8,187,798,600,0,11,587,0
Brinkworth,Wiltshire,"3,685","1,655",44.9%,"1,667",45.2%,"1,667",45.2%,0,6,0,6,0,12,691,1,0,692,0,475,6,1,0,0,0,5,205,692,475,0,8,466,0
Bromham Rowde & Potterne,Wiltshire,"3,862","1,388",35.9%,"1,394",36.1%,"1,394",36.1%,0,2,0,4,0,6,658,1,0,659,1,422,5,0,0,0,0,2,230,659,422,0,9,413,0
Bulford Allington & Figheldean,Wiltshire,"4,150",Uncontested,Uncontested,Uncontested,Uncontested,Uncontested,Uncontested,Uncontested,Uncontested,Uncontested,Uncontested,Uncontested,Uncontested,,,,,,,,,,,,,,,,,,,
Burbage & The Bedwyns,Wiltshire,"3,876","1,501",38.7%,"1,504",38.8%,"1,504",38.8%,0,1,0,2,0,3,709,2,0,711,1,457,1,1,0,0,0,1,251,711,457,0,12,443,0
By Brook,Wiltshire,"3,585","1,443",40.3%,"1,446",40.3%,"1,446",40.3%,0,1,0,2,0,3,694,3,0,697,0,439,6,1,2,0,0,5,244,697,439,0,9,426,0
Calne Central,Wiltshire,"3,432","1,460",42.5%,"1,462",42.6%,"1,462",42.6%,0,1,0,1,0,2,715,2,0,717,2,503,3,0,0,0,0,8,203,717,503,0,17,485,0
Calne Chilvester & Abberd,Wiltshire,"3,941","1,354",34.4%,"1,356",34.4%,"1,356",34.4%,0,1,0,1,0,2,729,1,0,730,0,474,7,1,0,0,0,5,243,730,474,0,14,457,0
Calne North,Wiltshire,"3,295","1,011",30.7%,"1,014",30.8%,"1,014",30.8%,0,0,0,3,0,3,609,1,0,610,1,388,3,0,0,0,0,1,218,610,388,0,12,374,0
Calne Rural,Wiltshire,"3,535","1,602",45.3%,"1,607",45.5%,"1,607",45.5%,0,0,0,5,0,5,581,2,0,583,0,399,7,0,2,0,0,10,165,583,399,0,21,378,0
Calne South & Cherhill,Wiltshire,"3,772","1,371",36.3%,"1,380",36.6%,"1,380",36.6%,0,3,0,6,0,9,689,2,0,691,0,455,5,0,2,0,0,1,228,691,455,0,13,443,0
Chippenham Cepen Park & Derriads,Wiltshire,"3,362","1,326",39.4%,"1,333",39.6%,"1,333",39.6%,0,2,0,5,0,7,596,0,0,596,0,418,1,0,0,0,0,5,172,596,418,0,2,412,0
Chippenham Cepen Park & Redlands,Wiltshire,"3,527","1,105",31.3%,"1,106",31.4%,"1,106",31.4%,0,0,0,1,0,1,743,1,0,744,0,469,5,0,1,0,0,0,269,744,0,0,8,461,0
Chippenham Hardenhuish,Wiltshire,"3,474","1,431",41.2%,"1,440",41.5%,"1,440",41.5%,0,0,0,9,0,9,588,2,0,590,1,404,4,1,0,0,0,2,179,590,404,0,5,392,0
Chippenham Hardens & England,Wiltshire,"3,297","1,205",36.5%,"1,223",37.1%,"1,223",37.1%,0,0,0,18,0,18,682,3,0,685,0,461,4,0,3,0,0,4,213,685,461,0,6,499,0
Chippenham Lowden & Rowden,Wiltshire,"3,654","1,345",36.8%,"1,353",37.0%,"1,353",37.0%,0,2,0,6,0,8,667,3,0,670,1,453,1,0,2,0,0,3,211,670,453,0,7,445,0
Chippenham Monkton,Wiltshire,"3,039","1,576",51.9%,"1,585",52.2%,"1,585",52.2%,0,2,0,7,0,9,689,1,0,690,0,518,2,1,0,0,0,4,165,690,518,0,1,509,0
Chippenham Pewsham,Wiltshire,"3,447","1,436",41.7%,"1,448",42.0%,"1,448",42.0%,0,0,0,12,0,12,605,0,0,605,0,400,3,0,0,0,0,2,200,605,400,0,5,390,0
Chippenham Queens & Sheldon,Wiltshire,"3,288","1,353",41.1%,"1,357",41.3%,"1,357",41.3%,0,0,0,4,0,4,685,2,0,687,0,526,1,0,2,0,0,1,157,687,526,0,7,512,0
Corsham Pickwick & Rudloe,Wiltshire,"3,773","1,496",39.7%,"1,500",39.8%,"1,500",39.8%,0,1,0,3,0,4,683,2,0,685,1,478,4,1,0,0,0,2,200,685,478,0,7,468,0
Corsham Town,Wiltshire,"3,815","1,867",48.9%,"1,868",49.0%,"1,868",49.0%,0,0,0,1,0,1,762,3,0,765,2,563,7,0,1,0,0,2,192,765,563,0,4,556,0
Corsham Without & Box Hill,Wiltshire,"4,095","1,682",41.1%,"1,693",41.3%,"1,693",41.3%,0,0,0,11,0,11,759,1,0,760,0,497,5,1,0,0,0,2,255,760,497,0,15,485,0
Cricklade & Latton,Wiltshire,"3,889","1,892",48.7%,"1,895",48.7%,"1,895",48.7%,0,0,0,3,0,3,740,5,0,745,1,518,3,3,1,0,0,3,217,745,518,0,7,510,0
Devizes & Roundway South,Wiltshire,"3,454","1,526",44.2%,"1,532",44.4%,"1,532",44.4%,0,2,0,4,0,6,792,1,0,793,1,571,4,0,0,0,0,1,217,793,571,0,9,561,0
Devizes East,Wiltshire,"3,094","1,128",36.5%,"1,135",36.7%,"1,135",36.7%,0,4,0,3,0,7,581,6,0,587,4,417,1,1,1,0,0,0,167,587,417,0,18,396,0
Devizes North,Wiltshire,"3,219","1,238",38.5%,"1,245",38.7%,"1,245",38.7%,0,4,0,3,0,7,656,0,0,656,0,471,0,0,0,0,0,4,181,656,471,0,9,460,0
Downton & Ebble Valley,Wiltshire,"3,758","1,460",38.9%,"1,464",39.0%,"1,464",39.0%,0,0,0,4,0,4,606,2,0,608,0,407,0,2,0,0,0,3,196,608,407,0,8,399,0
Durrington & Larkhill,Wiltshire,"4,978","1,729",34.7%,"1,738",34.9%,"1,738",34.9%,0,2,0,7,0,9,657,1,0,658,1,438,5,0,0,0,0,16,199,658,438,0,9,425,0
Ethandune,Wiltshire,"3,616","1,475",40.8%,"1,492",41.3%,"1,492",41.3%,0,0,0,17,0,17,496,0,0,496,0,328,4,0,0,0,0,4,160,496,328,0,2,325,0
Fovant & Chalke Valley,Wiltshire,"3,404","1,495",43.9%,"1,501",44.1%,"1,501",44.1%,0,0,0,6,0,6,531,2,0,533,1,350,2,0,1,0,0,6,174,533,350,0,9,340,0
Hilperton,Wiltshire,"3,904","1,685",43.2%,"1,692",43.3%,"1,692",43.3%,4,1,1,1,0,7,702,2,0,704,0,511,5,0,2,0,0,6,180,704,511,0,5,505,0
Holt & Staverton,Wiltshire,"3,491","1,463",41.9%,"1,466",42.0%,"1,466",42.0%,0,0,0,3,0,3,559,0,0,559,0,381,1,0,0,0,0,5,172,559,381,0,6,376,0
Kington,Wiltshire,"4,005","1,816",45.3%,"1,817",45.4%,"1,817",45.4%,0,0,0,1,0,1,779,1,0,780,1,547,5,0,0,0,0,5,223,780,547,0,7,537,0
Laverstock Ford & Old Sarum,Wiltshire,"3,984","1,657",41.6%,"1,660",41.7%,"1,660",41.7%,0,0,0,3,0,3,816,2,0,818,1,538,8,1,0,0,0,9,262,818,538,0,11,525,0
Ludgershall & Perham Down,Wiltshire,"3,672",971,26.4%,976,26.6%,976,26.6%,0,1,0,4,0,5,507,0,0,507,0,291,2,0,0,0,0,2,212,507,291,0,9,281,0
Lyneham,Wiltshire,"3,164","1,219",38.5%,"1,223",38.7%,"1,223",38.7%,0,1,0,3,0,4,680,3,0,683,0,441,4,1,2,0,0,5,230,683,441,0,3,438,0
Malmesbury,Wiltshire,"4,090","1,755",42.9%,"1,761",43.1%,"1,761",43.1%,0,0,0,6,0,6,829,0,0,829,0,596,5,0,0,0,0,1,227,829,596,0,7,587,0
Marlborough East,Wiltshire,"3,279","1,212",37.0%,"1,217",37.1%,"1,217",37.1%,0,0,0,5,0,5,676,0,0,676,0,432,0,0,0,0,0,7,237,676,432,0,11,421,0
Marlborough West,Wiltshire,"2,975","1,382",46.5%,"1,385",46.6%,"1,385",46.6%,0,1,0,2,0,3,709,6,0,715,1,506,6,2,3,0,0,1,197,715,506,0,15,489,0
Melksham Central,Wiltshire,"3,814","1,270",33.3%,"1,284",33.7%,"1,284",33.7%,0,5,0,9,0,14,491,0,0,491,0,318,4,0,0,0,0,2,167,491,318,0,4,311,0
Melksham North,Wiltshire,"3,615","1,298",35.9%,"1,311",36.3%,"1,311",36.3%,0,6,0,7,0,13,556,0,0,556,0,366,1,0,0,0,0,5,184,556,366,0,8,355,0
Melksham South,Wiltshire,"3,996","1,529",38.3%,"1,544",38.6%,"1,544",38.6%,0,5,0,10,0,15,665,3,0,668,1,479,4,2,0,0,0,0,183,668,479,0,7,467,0
Melksham Without North,Wiltshire,"4,319","1,857",43.0%,"1,871",43.3%,"1,871",43.3%,0,2,0,12,0,14,704,2,0,706,1,478,4,1,0,0,0,4,219,706,478,0,10,466,0
Melksham Without South,Wiltshire,"4,023","1,282",31.9%,"1,289",32.0%,"1,289",32.0%,0,4,0,3,0,7,608,0,0,608,0,403,2,0,0,0,0,2,201,608,403,0,6,396,0
Mere,Wiltshire,"3,474","2,002",57.6%,"2,010",57.9%,"2,010",57.9%,0,0,1,7,0,8,568,0,0,568,0,426,1,0,0,0,0,3,138,568,426,0,3,422,0
Minety,Wiltshire,"3,831","1,529",39.9%,"1,535",40.1%,"1,535",40.1%,0,0,0,6,0,6,718,4,0,722,2,465,6,2,0,0,0,2,247,722,465,0,1,463,0
Nadder & East Knoyle,Wiltshire,"3,487","1,442",41.4%,"1,447",41.5%,"1,447",41.5%,0,0,1,4,0,5,565,4,0,569,0,385,1,2,2,0,0,4,175,569,385,0,7,375,0
Pewsey,Wiltshire,"3,839","1,504",39.2%,"1,514",39.4%,"1,514",39.4%,0,4,0,6,0,10,604,1,0,605,1,425,3,0,0,0,0,2,175,605,425,0,13,411,0
Pewsey Vale,Wiltshire,"3,523","1,377",39.1%,"1,382",39.2%,"1,382",39.2%,0,1,0,4,0,5,673,0,0,673,0,439,2,0,0,0,0,4,228,673,439,0,15,424,0
Purton,Wiltshire,"4,147","1,326",32.0%,"1,337",32.2%,"1,337",32.2%,0,0,0,11,0,11,768,1,0,769,1,485,3,0,0,0,0,1,280,769,485,0,6,476,0
Redlynch & Landford,Wiltshire,"3,742","1,534",41.0%,"1,535",41.0%,"1,535",41.0%,0,0,0,1,0,1,654,2,0,656,0,413,3,1,1,0,0,2,236,656,413,0,7,400,0
Roundway,Wiltshire,"3,482","1,214",34.9%,"1,215",34.9%,"1,215",34.9%,0,1,0,0,0,1,732,1,0,733,0,481,3,1,0,0,0,10,238,733,481,0,9,472,0
Royal Wootton Bassett East,Wiltshire,"3,859","1,501",38.9%,"1,512",39.2%,"1,512",39.2%,0,5,0,6,0,11,812,1,0,813,1,519,4,0,0,0,0,12,278,813,519,0,4,512,0
Royal Wootton Bassett North,Wiltshire,"3,586","1,414",39.4%,"1,418",39.5%,"1,418",39.5%,0,0,0,4,0,4,753,2,0,755,2,561,5,0,0,0,0,5,184,755,561,0,5,548,0
Royal Wootton Bassett South,Wiltshire,"4,917","2,158",43.9%,"2,164",44.0%,"2,164",44.0%,0,2,0,4,0,6,"1,058",2,0,"1,060",0,726,10,1,1,0,0,12,310,"1,060",726,0,13,707,0
Salisbury Bemerton,Wiltshire,"4,401","1,228",27.9%,"1,232",28.0%,"1,232",28.0%,0,3,0,1,0,4,588,0,0,588,0,384,2,0,0,0,0,4,198,588,384,0,6,376,0
Salisbury Fisherton & Bemerton Village,Wiltshire,"3,454","1,375",39.8%,"1,379",39.9%,"1,379",39.9%,0,2,0,2,0,4,545,0,0,545,0,388,6,0,0,0,0,2,149,545,388,0,6,372,0
Salisbury Harnham,Wiltshire,"4,094","1,858",45.4%,"1,862",45.5%,"1,862",45.5%,0,2,0,2,0,4,844,2,0,846,1,618,6,1,0,0,0,10,211,846,618,0,7,604,0
Salisbury St. Edmund & Milford,Wiltshire,"3,647","1,617",44.3%,"1,619",44.4%,"1,619",44.4%,0,0,0,2,0,2,672,3,0,675,0,473,5,2,1,0,0,4,190,675,473,0,9,457,0
Salisbury St. Francis & Stratford,Wiltshire,"4,096","1,839",44.9%,"1,845",45.0%,"1,845",45.0%,0,0,0,0,6,6,784,2,0,786,1,555,4,0,1,0,0,8,218,786,555,0,12,539,0
Salisbury St. Marks & Bishopdown,Wiltshire,"4,018","1,492",37.1%,"1,496",37.2%,"1,496",37.2%,0,2,0,2,0,4,678,1,0,679,1,440,6,0,0,0,0,0,233,679,440,0,3,431,0
Salisbury St. Martins & Cathedral,Wiltshire,"4,181","1,994",47.7%,"2,007",48.0%,"2,007",48.0%,0,6,0,7,0,13,850,0,0,850,0,640,7,0,0,0,0,5,198,850,0,0,11,619,0
Salisbury St. Pauls,Wiltshire,"3,720","1,455",39.1%,"1,462",39.3%,"1,462",39.3%,0,7,0,0,0,7,669,1,0,670,0,463,7,0,1,0,0,8,191,670,363,0,11,444,0
Sherston,Wiltshire,"4,007","1,676",41.8%,"1,683",42.0%,"1,683",42.0%,0,1,0,6,0,7,787,1,0,788,0,529,5,0,1,0,0,5,248,788,529,0,4,524,0
Southwick,Wiltshire,"3,549","1,401",39.5%,"1,415",39.9%,"1,415",39.9%,0,1,0,13,0,14,553,1,0,554,1,378,4,0,0,0,0,0,172,554,378,0,3,375,0
Summerham & Seend,Wiltshire,"3,488","1,868",53.6%,"1,873",53.7%,"1,873",53.7%,0,0,0,5,0,5,575,0,0,575,0,430,6,0,0,0,0,3,136,575,430,0,3,423,0
The Collingbournes & Netheravon,Wiltshire,"3,278","1,266",38.6%,"1,266",38.6%,"1,266",38.6%,0,0,0,0,0,0,625,1,0,626,0,402,2,0,1,0,0,5,216,626,402,0,7,394,0
The Lavingtons & Erlestoke,Wiltshire,"4,037","1,637",40.5%,"1,644",40.7%,"1,644",40.7%,0,0,0,7,0,7,638,1,0,639,0,451,7,0,1,0,0,3,177,639,451,0,13,438,0
Tidworth,Wiltshire,"4,658",844,18.1%,845,18.1%,845,18.1%,0,0,0,1,0,1,756,0,0,756,0,338,11,0,0,0,0,10,397,756,338,0,13,324,0
Till & Wylye Valley,Wiltshire,"3,623","2,091",57.7%,"2,095",57.8%,"2,095",57.8%,0,0,0,4,0,4,571,5,0,576,1,468,2,3,1,0,0,5,97,576,468,0,11,454,0
Tisbury,Wiltshire,"3,571","1,369",38.3%,"1,370",38.4%,"1,370",38.4%,0,0,0,1,0,1,554,1,0,555,1,374,6,0,0,0,0,3,172,555,374,0,7,365,0
Trowbridge Adcroft,Wiltshire,"3,599","1,131",31.4%,"1,135",31.5%,"1,135",31.5%,0,1,0,3,0,4,553,0,0,553,0,377,4,0,0,0,0,2,170,553,377,0,6,363,0
Trowbridge Central,Wiltshire,"3,755","1,199",31.9%,"1,202",32.0%,"1,202",32.0%,0,3,0,0,0,3,585,1,0,586,0,367,1,0,1,0,0,6,211,586,367,0,4,355,0
Trowbridge Drynham,Wiltshire,"3,180",987,31.0%,992,31.2%,992,31.2%,0,1,0,4,0,5,456,1,0,457,1,276,4,0,0,0,0,2,175,457,276,0,5,269,0
Trowbridge Grove,Wiltshire,"3,295","1,136",34.5%,"1,138",34.5%,"1,138",34.5%,0,0,0,2,0,2,651,1,0,652,1,438,2,0,0,0,0,2,210,652,438,0,7,428,0
Trowbridge Lambrok,Wiltshire,"3,664","1,072",29.3%,"1,075",29.3%,"1,075",29.3%,0,2,0,1,0,3,641,0,0,641,0,439,2,0,0,0,0,2,198,641,439,0,12,423,0
Trowbridge Park,Wiltshire,"3,701","1,153",31.2%,"1,158",31.3%,"1,158",31.3%,0,5,0,0,0,5,675,0,0,675,0,462,8,0,0,0,0,7,198,675,462,0,4,453,0
Trowbridge Paxcroft,Wiltshire,"4,479","1,376",30.7%,"1,379",30.8%,"1,379",30.8%,0,1,0,2,0,3,754,0,0,754,0,493,6,0,0,0,0,3,252,754,493,0,8,480,0
Urchfont & The Cannings,Wiltshire,"3,852","1,611",41.8%,"1,633",42.4%,"1,633",42.4%,0,1,0,21,0,22,739,1,0,740,0,473,3,1,0,0,0,6,257,740,473,0,7,367,0
Warminster Broadway,Wiltshire,"3,664","1,344",36.7%,"1,349",36.8%,"1,349",36.8%,0,3,0,2,0,5,586,0,0,586,0,401,4,0,0,0,0,2,179,586,401,0,8,389,0
Warminster Copheap & Wylye,Wiltshire,"3,458","1,403",40.6%,"1,416",40.9%,"1,416",40.9%,0,2,0,11,0,13,525,1,0,526,1,349,6,0,0,0,0,6,165,526,349,0,5,342,0
Warminster East,Wiltshire,"4,231","1,519",35.9%,"1,528",36.1%,"1,528",36.1%,0,1,0,8,0,9,865,3,0,868,3,587,6,0,0,0,0,9,266,868,587,0,13,566,0
Warminster West,Wiltshire,"4,157","1,189",28.6%,"1,193",28.7%,"1,193",28.7%,0,2,0,2,0,4,708,2,0,710,2,465,1,0,0,0,0,10,234,710,465,0,3,461,0
Warminster Without,Wiltshire,"3,437","1,384",40.3%,"1,385",40.3%,"1,385",40.3%,0,0,0,1,0,1,598,0,0,598,0,377,7,0,0,0,0,4,210,598,377,0,13,363,0
West Selkley,Wiltshire,"3,388","1,330",39.3%,"1,334",39.4%,"1,334",39.4%,0,1,0,3,0,4,690,1,0,691,1,458,7,0,0,0,0,5,221,691,458,0,9,449,0
Westbury East,Wiltshire,"3,800","1,405",37.0%,"1,408",37.1%,"1,408",37.1%,0,0,0,3,0,3,670,1,0,671,0,472,9,0,1,0,0,2,187,671,472,0,5,466,0
Westbury North,Wiltshire,"3,554","1,029",29.0%,"1,033",29.1%,"1,033",29.1%,0,1,0,3,0,4,586,1,0,587,1,363,6,0,0,0,0,7,211,587,363,0,5,358,0
Westbury West,Wiltshire,"3,884","1,053",27.1%,"1,053",27.1%,"1,053",27.1%,0,0,0,0,0,0,589,2,0,591,1,370,4,1,0,0,0,1,215,591,370,0,1,369,0
Wilton & Lower Wylye Valley,Wiltshire,"3,835","1,652",43.1%,"1,661",43.3%,"1,661",43.3%,0,3,1,5,0,9,547,0,0,547,0,385,3,0,0,0,0,4,155,547,385,0,10,372,0
Winsley & Westwood,Wiltshire,"3,328","1,828",54.9%,"1,836",55.2%,"1,836",55.2%,0,1,0,7,0,8,688,3,0,691,1,517,4,1,1,0,0,5,163,691,517,0,7,502,0
Winterslow,Wiltshire,"3,168","1,643",51.9%,"1,645",51.9%,"1,645",51.9%,0,0,0,2,0,2,551,2,0,553,1,392,6,0,1,0,0,1,153,553,392,0,4,384,0
Adwick le Street & Carcroft,Doncaster,"11,538","2,896",25.1%,"2,907",25.2%,"2,907",25.2%,0,2,0,9,0,11,"2,666",4,0,"2,670",0,"1,635",18,2,2,0,0,28,985,"2,670","1,577",8,22,"1,547",0
Armthorpe,Doncaster,"10,849","2,880",26.5%,"2,889",26.6%,"2,889",26.6%,0,0,0,9,0,9,"2,967",3,0,"2,970",2,"1,771",9,3,1,0,0,6,"1,180","2,970","1,706",10,6,"1,690",3
Norton & Askern,Doncaster,"11,193","3,542",31.6%,"3,561",31.8%,"3,561",31.8%,0,1,1,17,0,19,"2,913",26,0,"2,939",0,"1,827",11,3,26,0,0,12,961,"2,939","1,783",15,15,"1,753",0
Balby South,Doncaster,"7,372","2,065",28.0%,"2,073",28.1%,"2,073",28.1%,0,3,0,5,0,8,"2,069",4,0,"2,073",0,"1,309",11,0,4,0,0,18,731,"2,073","1,265",6,5,"1,254",4
Bentley,Doncaster,"12,673","3,276",25.9%,"3,298",26.0%,"3,298",26.0%,0,2,0,20,0,22,"3,200",4,0,"3,204",2,"1,894",7,0,2,0,0,40,"1,261","3,204","1,867",26,22,"1,819",2
Bessacar,Doncaster,"11,463","3,928",34.3%,"3,939",34.4%,"3,939",34.4%,0,3,1,7,0,11,"3,557",5,0,"3,558",1,"2,188",18,1,3,0,0,8,"1,344","3,558","2,195",12,22,"2,161",0
Roman Ridge,Doncaster,"8,530","2,553",29.9%,"2,573",30.2%,"2,573",30.2%,0,0,0,20,0,20,"2,618",0,0,"2,618",0,"1,657",2,0,0,0,0,11,948,"2,618","1,581",16,6,"1,559",1
Connisborough,Doncaster,"12,039","3,036",25.2%,"3,041",25.3%,"3,041",25.3%,0,1,0,4,0,5,"3,401",3,0,"3,404",1,"1,971",6,0,2,0,0,9,"1,416","3,404","1,924",18,22,"1,884",0
Edenthorpe & Kirk Sandall,Doncaster,"7,934","2,653",33.4%,"2,674",33.7%,"2,674",33.7%,0,4,0,17,0,21,"2,314",4,0,"2,318",3,"1,525",5,1,1,0,0,5,781,"2,318","1,473",8,10,"1,455",0
Edlington & Warmsworth,Doncaster,"8,414","2,299",27.3%,"2,305",27.4%,"2,305",27.4%,0,1,0,5,0,6,"2,416",5,0,"2,421",3,"1,460",1,0,2,0,0,14,944,"2,421","1,416",17,12,"1,387",0
Finningley,Doncaster,"12,870","4,206",32.7%,"4,247",33.0%,"4,247",33.0%,0,5,0,36,0,41,"4,151",3,0,"4,154",0,"2,589",20,0,3,0,1,1,"1,540","4,154","2,474",22,15,"2,437",0
Hexthorpe & Balby North,Doncaster,"7,747","1,918",24.8%,"1,930",24.9%,"1,930",24.9%,0,0,0,12,0,12,"1,754",3,0,"1,757",0,"1,094",5,0,3,0,0,38,617,"1,757","1,025",7,12,"1,006",0
Hatfield,Doncaster,"11,557","3,444",29.8%,"3,450",29.9%,"3,450",29.9%,0,2,0,4,0,6,"3,411",4,0,"3,415",0,"2,084",8,0,4,0,0,5,"1,314","3,415","2,025",3,35,"1,987",0
Mexborough,Doncaster,"11,700","3,220",27.5%,"3,230",27.6%,"3,230",27.6%,0,2,0,8,0,10,"2,739",2,0,"2,741",0,"1,743",0,2,2,0,0,24,970,"2,741","1,757",17,16,"1,724",0
Rossington & Bawtry,Doncaster,"13,150","3,744",28.5%,"3,754",28.5%,"3,754",28.5%,0,1,0,9,0,10,"3,719",0,0,"3,719",0,"2,296",3,4,0,0,0,22,"1,394","3,719","2,244",22,24,"2,198",0
Sprotbrough,Doncaster,"8,922","3,173",35.6%,"3,189",35.7%,"3,189",35.7%,0,2,0,14,0,16,"2,560",0,0,"2,560",0,"1,687",6,0,0,0,0,1,866,"2,560","1,628",9,7,"1,612",0
Stainforth & Barnby Dun,Doncaster,"7,216","1,993",27.6%,"2,009",27.8%,"2,009",27.8%,0,0,0,16,0,16,"1,870",0,0,"1,870",0,"1,193",0,1,0,0,0,6,670,"1,870","1,141",10,11,"1,120",0
Thorne & Moorends,Doncaster,"12,852","3,816",29.7%,"3,824",29.8%,"3,824",29.8%,0,3,0,5,0,8,"3,280",4,0,"3,284",0,"2,045",14,2,4,0,0,7,"1,208","3,284","2,025",22,17,"1,986",0
Tickhill & Wadworth,Doncaster,"8,543","3,026",35.4%,"3,037",35.5%,"3,037",35.5%,0,1,0,10,0,11,"2,486",4,0,"2,488",2,"1,631",0,0,2,0,0,1,854,"2,488","1,530",14,7,"1,509",0
Town,Doncaster,"12,390","3,654",29.5%,"3,675",29.7%,"3,675",29.7%,0,5,1,15,0,21,"2,786",6,0,"2,794",0,"1,794",1,0,6,0,0,49,944,"2,794","1,721",9,14,"1,698",0
Wheatley Hills & Intake,Doncaster,"12,819","3,481",27.2%,"3,490",27.2%,"3,490",27.2%,0,4,0,5,0,9,"3,055",4,0,"3,059",1,"1,877",10,0,3,0,0,7,"1,162","3,059","1,823",21,23,"1,779",0
